-- phpMyAdmin SQL Dump
-- version 5.0.4
-- https://www.phpmyadmin.net/
--
-- Host: 127.0.0.1
-- Generation Time: Jan 24, 2021 at 06:51 AM
-- Server version: 10.4.17-MariaDB
-- PHP Version: 7.4.13

SET SQL_MODE = "NO_AUTO_VALUE_ON_ZERO";
START TRANSACTION;
SET time_zone = "+00:00";


/*!40101 SET @OLD_CHARACTER_SET_CLIENT=@@CHARACTER_SET_CLIENT */;
/*!40101 SET @OLD_CHARACTER_SET_RESULTS=@@CHARACTER_SET_RESULTS */;
/*!40101 SET @OLD_COLLATION_CONNECTION=@@COLLATION_CONNECTION */;
/*!40101 SET NAMES utf8mb4 */;

--
-- Database: `stockcount`
--

-- --------------------------------------------------------

--
-- Table structure for table `data_rows`
--

CREATE TABLE `data_rows` (
  `id` int(10) UNSIGNED NOT NULL,
  `data_type_id` int(10) UNSIGNED NOT NULL,
  `field` varchar(255) COLLATE utf8mb4_unicode_ci NOT NULL,
  `type` varchar(255) COLLATE utf8mb4_unicode_ci NOT NULL,
  `display_name` varchar(255) COLLATE utf8mb4_unicode_ci NOT NULL,
  `required` tinyint(1) NOT NULL DEFAULT 0,
  `browse` tinyint(1) NOT NULL DEFAULT 1,
  `read` tinyint(1) NOT NULL DEFAULT 1,
  `edit` tinyint(1) NOT NULL DEFAULT 1,
  `add` tinyint(1) NOT NULL DEFAULT 1,
  `delete` tinyint(1) NOT NULL DEFAULT 1,
  `details` text COLLATE utf8mb4_unicode_ci DEFAULT NULL,
  `order` int(11) NOT NULL DEFAULT 1
) ENGINE=InnoDB DEFAULT CHARSET=utf8mb4 COLLATE=utf8mb4_unicode_ci;

--
-- Dumping data for table `data_rows`
--

INSERT INTO `data_rows` (`id`, `data_type_id`, `field`, `type`, `display_name`, `required`, `browse`, `read`, `edit`, `add`, `delete`, `details`, `order`) VALUES
(1, 1, 'id', 'number', 'ID', 1, 0, 0, 0, 0, 0, NULL, 1),
(2, 1, 'name', 'text', 'Name', 1, 1, 1, 1, 1, 1, NULL, 2),
(3, 1, 'email', 'text', 'Email', 1, 1, 1, 1, 1, 1, NULL, 3),
(4, 1, 'password', 'password', 'Password', 1, 0, 0, 1, 1, 0, NULL, 4),
(5, 1, 'remember_token', 'text', 'Remember Token', 0, 0, 0, 0, 0, 0, NULL, 5),
(6, 1, 'created_at', 'timestamp', 'Created At', 0, 1, 1, 0, 0, 0, NULL, 6),
(7, 1, 'updated_at', 'timestamp', 'Updated At', 0, 0, 0, 0, 0, 0, NULL, 7),
(8, 1, 'avatar', 'image', 'Avatar', 0, 1, 1, 1, 1, 1, NULL, 8),
(9, 1, 'user_belongsto_role_relationship', 'relationship', 'Role', 0, 1, 1, 1, 1, 0, '{\"model\":\"TCG\\\\Voyager\\\\Models\\\\Role\",\"table\":\"roles\",\"type\":\"belongsTo\",\"column\":\"role_id\",\"key\":\"id\",\"label\":\"display_name\",\"pivot_table\":\"roles\",\"pivot\":0}', 10),
(10, 1, 'user_belongstomany_role_relationship', 'relationship', 'Roles', 0, 1, 1, 1, 1, 0, '{\"model\":\"TCG\\\\Voyager\\\\Models\\\\Role\",\"table\":\"roles\",\"type\":\"belongsToMany\",\"column\":\"id\",\"key\":\"id\",\"label\":\"display_name\",\"pivot_table\":\"user_roles\",\"pivot\":\"1\",\"taggable\":\"0\"}', 11),
(11, 1, 'settings', 'hidden', 'Settings', 0, 0, 0, 0, 0, 0, NULL, 12),
(12, 2, 'id', 'number', 'ID', 1, 0, 0, 0, 0, 0, NULL, 1),
(13, 2, 'name', 'text', 'Name', 1, 1, 1, 1, 1, 1, NULL, 2),
(14, 2, 'created_at', 'timestamp', 'Created At', 0, 0, 0, 0, 0, 0, NULL, 3),
(15, 2, 'updated_at', 'timestamp', 'Updated At', 0, 0, 0, 0, 0, 0, NULL, 4),
(16, 3, 'id', 'number', 'ID', 1, 0, 0, 0, 0, 0, NULL, 1),
(17, 3, 'name', 'text', 'Name', 1, 1, 1, 1, 1, 1, NULL, 2),
(18, 3, 'created_at', 'timestamp', 'Created At', 0, 0, 0, 0, 0, 0, NULL, 3),
(19, 3, 'updated_at', 'timestamp', 'Updated At', 0, 0, 0, 0, 0, 0, NULL, 4),
(20, 3, 'display_name', 'text', 'Display Name', 1, 1, 1, 1, 1, 1, NULL, 5),
(21, 1, 'role_id', 'text', 'Role', 1, 1, 1, 1, 1, 1, NULL, 9),
(54, 7, 'id', 'text', 'Id', 1, 0, 0, 0, 0, 0, '{}', 1),
(55, 7, 'rsm_area', 'text', 'Rsm Area', 0, 1, 1, 1, 1, 1, '{}', 2),
(56, 7, 'rsm_name', 'text', 'Rsm Name', 0, 1, 1, 1, 1, 1, '{}', 3),
(57, 7, 'rsm_phone_number', 'text', 'Rsm Phone Number', 0, 1, 1, 1, 1, 1, '{}', 4),
(58, 7, 'asm_area', 'text', 'Asm Area', 0, 1, 1, 1, 1, 1, '{}', 5),
(59, 7, 'asm_name', 'text', 'Asm Name', 0, 1, 1, 1, 1, 1, '{}', 6),
(60, 7, 'asm_phone_number', 'text', 'Asm Phone Number', 0, 1, 1, 1, 1, 1, '{}', 7),
(61, 7, 'tso_area', 'text', 'Tso Area', 0, 1, 1, 1, 1, 1, '{}', 8),
(62, 7, 'tso_name', 'text', 'Tso Name', 0, 1, 1, 1, 1, 1, '{}', 9),
(63, 7, 'tso_phone_number', 'text', 'Tso Phone Number', 0, 1, 1, 1, 1, 1, '{}', 10),
(64, 7, 'dbareaname', 'text', 'Dbareaname', 0, 1, 1, 1, 1, 1, '{}', 11),
(65, 7, 'category_name', 'text', 'Category Name', 0, 1, 1, 1, 1, 1, '{}', 12),
(66, 7, 'code', 'text', 'Code', 0, 1, 1, 1, 1, 1, '{}', 13),
(67, 7, 'name', 'text', 'Name', 0, 1, 1, 1, 1, 1, '{}', 14),
(68, 7, 'mobile', 'text', 'Mobile', 0, 1, 1, 1, 1, 1, '{}', 15),
(69, 7, 'address', 'text', 'Address', 0, 1, 1, 1, 1, 1, '{}', 16),
(70, 8, 'id', 'text', 'Id', 1, 0, 0, 0, 0, 0, '{}', 1),
(71, 8, 'brandname', 'text', 'Brandname', 0, 1, 1, 1, 1, 1, '{}', 2),
(72, 8, 'categoryname', 'text', 'Categoryname', 0, 1, 1, 1, 1, 1, '{}', 3),
(73, 8, 'code', 'text', 'Code', 0, 1, 1, 1, 1, 1, '{}', 4),
(74, 8, 'name', 'text', 'Name', 0, 1, 1, 1, 1, 1, '{}', 5),
(75, 8, 'nativename', 'text', 'Nativename', 0, 1, 1, 1, 1, 1, '{}', 6),
(76, 8, 'packsize', 'text', 'Packsize', 0, 1, 1, 1, 1, 1, '{}', 7),
(77, 8, 'description', 'text', 'Description', 0, 1, 1, 1, 1, 1, '{}', 8),
(78, 8, 'cartonsize', 'text', 'Cartonsize', 0, 1, 1, 1, 1, 1, '{}', 9),
(79, 8, 'costprice', 'text', 'Costprice', 0, 1, 1, 1, 1, 1, '{}', 10),
(80, 8, 'dp', 'text', 'Dp', 0, 1, 1, 1, 1, 1, '{}', 11),
(81, 8, 'tp', 'text', 'Tp', 0, 1, 1, 1, 1, 1, '{}', 12),
(82, 8, 'mrp', 'text', 'Mrp', 0, 1, 1, 1, 1, 1, '{}', 13);

-- --------------------------------------------------------

--
-- Table structure for table `data_types`
--

CREATE TABLE `data_types` (
  `id` int(10) UNSIGNED NOT NULL,
  `name` varchar(255) COLLATE utf8mb4_unicode_ci NOT NULL,
  `slug` varchar(255) COLLATE utf8mb4_unicode_ci NOT NULL,
  `display_name_singular` varchar(255) COLLATE utf8mb4_unicode_ci NOT NULL,
  `display_name_plural` varchar(255) COLLATE utf8mb4_unicode_ci NOT NULL,
  `icon` varchar(255) COLLATE utf8mb4_unicode_ci DEFAULT NULL,
  `model_name` varchar(255) COLLATE utf8mb4_unicode_ci DEFAULT NULL,
  `policy_name` varchar(255) COLLATE utf8mb4_unicode_ci DEFAULT NULL,
  `controller` varchar(255) COLLATE utf8mb4_unicode_ci DEFAULT NULL,
  `description` varchar(255) COLLATE utf8mb4_unicode_ci DEFAULT NULL,
  `generate_permissions` tinyint(1) NOT NULL DEFAULT 0,
  `server_side` tinyint(4) NOT NULL DEFAULT 0,
  `details` text COLLATE utf8mb4_unicode_ci DEFAULT NULL,
  `created_at` timestamp NULL DEFAULT NULL,
  `updated_at` timestamp NULL DEFAULT NULL
) ENGINE=InnoDB DEFAULT CHARSET=utf8mb4 COLLATE=utf8mb4_unicode_ci;

--
-- Dumping data for table `data_types`
--

INSERT INTO `data_types` (`id`, `name`, `slug`, `display_name_singular`, `display_name_plural`, `icon`, `model_name`, `policy_name`, `controller`, `description`, `generate_permissions`, `server_side`, `details`, `created_at`, `updated_at`) VALUES
(1, 'users', 'users', 'User', 'Users', 'voyager-person', 'TCG\\Voyager\\Models\\User', 'TCG\\Voyager\\Policies\\UserPolicy', 'TCG\\Voyager\\Http\\Controllers\\VoyagerUserController', '', 1, 0, NULL, '2021-01-08 01:22:57', '2021-01-08 01:22:57'),
(2, 'menus', 'menus', 'Menu', 'Menus', 'voyager-list', 'TCG\\Voyager\\Models\\Menu', NULL, '', '', 1, 0, NULL, '2021-01-08 01:22:57', '2021-01-08 01:22:57'),
(3, 'roles', 'roles', 'Role', 'Roles', 'voyager-lock', 'TCG\\Voyager\\Models\\Role', NULL, 'TCG\\Voyager\\Http\\Controllers\\VoyagerRoleController', '', 1, 0, NULL, '2021-01-08 01:22:57', '2021-01-08 01:22:57'),
(7, 'distributors', 'distributors', 'Distributor', 'Distributors', 'voyager-lighthouse', 'App\\Distributor', NULL, NULL, 'Distribution houses', 1, 1, '{\"order_column\":\"dbareaname\",\"order_display_column\":\"dbareaname\",\"order_direction\":\"asc\",\"default_search_key\":\"code\",\"scope\":null}', '2021-01-08 01:58:41', '2021-01-24 05:15:36'),
(8, 'products', 'products', 'Product', 'Products', 'voyager-bread', 'App\\Product', NULL, NULL, 'Products SKUs', 1, 1, '{\"order_column\":\"name\",\"order_display_column\":\"name\",\"order_direction\":\"asc\",\"default_search_key\":\"code\",\"scope\":null}', '2021-01-08 02:02:12', '2021-01-24 05:16:00');

-- --------------------------------------------------------

--
-- Table structure for table `distributors`
--

CREATE TABLE `distributors` (
  `id` bigint(20) UNSIGNED NOT NULL,
  `rsm_area` varchar(255) DEFAULT NULL,
  `rsm_name` varchar(255) DEFAULT NULL,
  `rsm_phone_number` varchar(255) DEFAULT NULL,
  `asm_area` varchar(255) DEFAULT NULL,
  `asm_name` varchar(255) DEFAULT NULL,
  `asm_phone_number` varchar(255) DEFAULT NULL,
  `tso_area` varchar(255) DEFAULT NULL,
  `tso_name` varchar(255) DEFAULT NULL,
  `tso_phone_number` varchar(255) DEFAULT NULL,
  `dbareaname` varchar(255) DEFAULT NULL,
  `category_name` varchar(255) DEFAULT NULL,
  `code` varchar(255) DEFAULT NULL,
  `name` varchar(255) DEFAULT NULL,
  `mobile` varchar(255) DEFAULT NULL,
  `address` varchar(255) DEFAULT NULL
) ENGINE=InnoDB DEFAULT CHARSET=utf8mb4;

--
-- Dumping data for table `distributors`
--

INSERT INTO `distributors` (`id`, `rsm_area`, `rsm_name`, `rsm_phone_number`, `asm_area`, `asm_name`, `asm_phone_number`, `tso_area`, `tso_name`, `tso_phone_number`, `dbareaname`, `category_name`, `code`, `name`, `mobile`, `address`) VALUES
(1, 'CENTRAL - 01', 'VACANT', '01938889024', 'DHAKA_NORTH', 'MORSHED ALAM', '01938889008', 'BADDA', 'ABDUR RAHIM EMON', '01938889215 ; 01680342019', 'BADDA', 'DB', 'DB00001', 'ORANGE BANGLADESH-BADDA', '01775467295 ; 01978070003', 'HOUSE-K-85/1 SHAHJATPUR, CONFIDENCE TOWER GULSHAN DHAKA-1212'),
(2, 'CENTRAL - 01', 'VACANT', '01938889024', 'DHAKA_NORTH', 'MORSHED ALAM', '01938889008', 'BADDA', 'ABDUR RAHIM EMON', '01938889215 ; 01680342019', 'MOHAKHALI', 'DB', 'DB00002', 'SUMI STORE-KAWRANBAZAR', '01688344110 ; 01716235043', '3 NO. 3/B, AC BHABAN, KAWRAN BAZAR, DHAKA-1215'),
(3, 'CENTRAL - 01', 'VACANT', '01938889024', 'DHAKA_NORTH', 'MORSHED ALAM', '01938889008', 'MIRPUR', 'HASSAN ALI SARKER', '01938889192 ; 01301720303', 'MIRPUR 14', 'DB', 'DB00003', 'ITTADI ENTERPRISE-VASHANTEK,MIRPUR-14', '01911212242 ; 01886212242', '288, DHAMALKOTE BAZAR, VASHANTEK, DHAKA CANTONMENT, DHAKA'),
(4, 'CENTRAL - 01', 'VACANT', '01938889024', 'DHAKA_NORTH', 'MORSHED ALAM', '01938889008', 'MIRPUR', 'HASSAN ALI SARKER', '01938889192 ; 01301720303', 'MIRPUR', 'DB', 'DB00004', 'UNION IMPORT-MIRPUR', '01882061901 ; 01817542571', 'HOUSE 1/1, ROAD AVENUE-2, BLOCK-D ,MIRPUR-1'),
(5, 'CENTRAL - 01', 'VACANT', '01938889024', 'DHAKA_NORTH', 'MORSHED ALAM', '01938889008', 'UTTARA', 'ZAINAL ABEDIN', '01938889222 ; 01913687030', 'UTTARA', 'DB', 'DB00005', 'ADNAN ENTERPRISE-DKHINKHAN, UTTARA', '01719246881 ; 01914356297', '21,FAYDABAD TRANSMITTER, DAKKHIN KHAN, DHAKA-1230'),
(6, 'CENTRAL - 01', 'VACANT', '01938889024', 'DHAKA_SOUTH', 'SHAH MD.NAKIMUL ISLAM', '01938889011', 'CHAWKBAZAR', 'ANAMUL HOQUE', '01938889612', 'CHAWKBAZAR', 'DB', 'DB00006', 'SHAHIDUL ENTERPRISE-CHAWKBAZAR,DHAKA', '01716238910 ; 01838944320', '44 NO HAZI AKRAM ULLAH PLAZA, 5 NO MOKIM KATRA, MOULVIZAR, DHAKA'),
(7, 'CENTRAL - 01', 'VACANT', '01938889024', 'DHAKA_SOUTH', 'SHAH MD.NAKIMUL ISLAM', '01938889011', 'DHANMONDI', 'ABDULLAH AL MAHBUB', '01938889166 ; 01711000673', 'KAMRANGIRCHOR', 'DB', 'DB00007', 'BABU ENTERPRISE-KAMRANGIRCHOR', '01915718713 ; 01955618220', '94,AMINBAGH,ABU SAYED BAZAR,KAMRANGIRCHOR-DHAKA'),
(8, 'CENTRAL - 01', 'VACANT', '01938889024', 'DHAKA_SOUTH', 'SHAH MD.NAKIMUL ISLAM', '01938889011', 'DHANMONDI', 'ABDULLAH AL MAHBUB', '01938889166 ; 01711000673', 'DHANMONDI', 'DB', 'DB00008', 'SEYAM ENTERPRISE - DHANMONDI', '01675817353 ; 01712085418', 'WESTERN PARK, 1/32 SHIKDER REALESTATE, ROAD-7, TALI OFFICE, WEST DHANMONDI, DHAKA-1209'),
(9, 'CENTRAL - 01', 'VACANT', '01938889024', 'DHAKA_SOUTH', 'SHAH MD.NAKIMUL ISLAM', '01938889011', 'GULISTAN', 'MD. EAKRAMUL HOSSION', '01938889182 ; 01710619389', 'GULISTAN', 'DB', 'DB00009', 'ALIF TRADING-GULISTAN', '01925836245 ; 01755683684', 'SALIMABAD BHABON(3 RD FLOOR), BANGOBONDHU AVENUE, GULISTAN, DHAKA.'),
(10, 'CENTRAL - 01', 'VACANT', '01938889024', 'DHAKA_SOUTH', 'SHAH MD.NAKIMUL ISLAM', '01938889011', 'GULISTAN', 'MD. EAKRAMUL HOSSION', '01938889182 ; 01710619389', 'RAMPURA', 'DB', 'DB00010', 'S T JANANI ENTERPRISE-MOTIJHEEL DHAKA', '01863968462', 'HOUSE # 487, ROAD#3, BLOCK# C, KHILGAON, DHAKA'),
(11, 'CENTRAL - 01', 'VACANT', '01938889024', 'DHAKA_SOUTH', 'SHAH MD.NAKIMUL ISLAM', '01938889011', 'JATRABARI', 'MONIRUL ISLAM', '01938889235 ; 01913272440', 'DEMRA', 'DB', 'DB00011', 'BISMILLAH TRADERS-DEMRA', '01716857526 ; 01976857526', 'HOUSE# 101, SHIMULTOLI LANE, KONAPARA, DHAKA-1362'),
(12, 'CENTRAL - 01', 'VACANT', '01938889024', 'DHAKA_SOUTH', 'SHAH MD.NAKIMUL ISLAM', '01938889011', 'JATRABARI', 'MONIRUL ISLAM', '01938889235 ; 01913272440', 'MADARTEK', 'DB', 'DB00012', 'J K TRADERS-MANDA,MUGDA DHAKA', '01670972905 ; 01640947805', '135/8/1/ UTTAR MUGDA MODINABAG DHAKA'),
(13, 'CENTRAL - 01', 'VACANT', '01938889024', 'DHAKA_SOUTH', 'SHAH MD.NAKIMUL ISLAM', '01938889011', 'JATRABARI', 'MONIRUL ISLAM', '01938889235 ; 01913272440', 'JATRABARI', 'DB', 'DB00013', 'MAA BABA TRADERS-SHYAMPUR ,PALPARA', '01913518761 ; 01712761362', '94 SHYMPUR HIGH SCHOOL PALPARA, SHYMPUR, DHAKA.'),
(14, 'CENTRAL - 01', 'VACANT', '01938889024', 'NARAYANGONJ', 'MD. ATIQUL ISLAM MOZUMDER', '01938889020', 'FATULLAH', 'MD. KAMRUZZAMAN', '01938889207 ; 01917535184', '', 'CD', 'CD006', 'NUHAS ENTERPRISE-FATULLA_CD', '01956656876 ; 01820045061', 'A.R.M SUPER MARKET, PAGLA BAZAR.FATULLA'),
(15, 'CENTRAL - 01', 'VACANT', '01938889024', 'NARAYANGONJ', 'MD. ATIQUL ISLAM MOZUMDER', '01938889020', 'FATULLAH', 'MD. KAMRUZZAMAN', '01938889207 ; 01917535184', 'MUNSHIGANJ', 'SUBB', 'CD006-DB00041', 'MAA STORE-MIRKADIM, MUNSHIGONJ.', '01726235294 ; 01959846215', 'MIRAPARA, MIRKADEM, MUNSIGONJ.'),
(16, 'CENTRAL - 01', 'VACANT', '01938889024', 'NARAYANGONJ', 'MD. ATIQUL ISLAM MOZUMDER', '01938889020', 'FATULLAH', 'MD. KAMRUZZAMAN', '01938889207 ; 01917535184', 'TONGIBARI', 'SUBB', 'CD006-DB00043', 'SURIYA CONSUMER PRODUCTS-TONGIBARI', '01714633335 ; 01914633335', 'NORTH PAIKPARA, TONGIBARI,MUNSHIGONJ'),
(17, 'CENTRAL - 01', 'VACANT', '01938889024', 'NARAYANGONJ', 'MD. ATIQUL ISLAM MOZUMDER', '01938889020', 'FATULLAH', 'MD. KAMRUZZAMAN', '01938889207 ; 01917535184', 'FATULLA', 'DB', 'DB00042', 'NUHAS ENTERPRISE - FATULLA', '01956656876 ; 01820045061', 'A.R.M SUPER MARKET, PAGLA BAZAR.FATULLA'),
(18, 'CENTRAL - 01', 'VACANT', '01938889024', 'NARAYANGONJ', 'MD. ATIQUL ISLAM MOZUMDER', '01938889020', 'KERANIGANJ', 'MD. NANNA MIA', '01938889177 ; 01718479408', '', 'SDB', 'SDB03', 'BISMILLA ENTERPRISE-KERANIGONJ SD', '01732709485 ; 01763422909', 'NAJORGONJ, ZINZIRA, KERANIGONJ.'),
(19, 'CENTRAL - 01', 'VACANT', '01938889024', 'NARAYANGONJ', 'MD. ATIQUL ISLAM MOZUMDER', '01938889020', 'KERANIGANJ', 'MD. NANNA MIA', '01938889177 ; 01718479408', 'SIRAJDIKHAN', 'SUBA', 'SDB03-DB00044', 'APON COSMETICS-SIRAJDIKHAN', '01722407573 ; 01908090255', 'SIRAJDIKHAN BAZAR,MUNSHIGONJ'),
(20, 'CENTRAL - 01', 'VACANT', '01938889024', 'NARAYANGONJ', 'MD. ATIQUL ISLAM MOZUMDER', '01938889020', 'KERANIGANJ', 'MD. NANNA MIA', '01938889177 ; 01718479408', 'KARNIGONJ', 'SUBA', 'SDB03-DB00045', 'BISMILLA ENTERPRISE- KARNIGONJ', '01732709485 ; 01763422909', 'NAJORGONJ, ZINZIRA, KERANIGONJ.'),
(21, 'CENTRAL - 01', 'VACANT', '01938889024', 'NARAYANGONJ', 'MD. ATIQUL ISLAM MOZUMDER', '01938889020', 'KERANIGANJ', 'MD. NANNA MIA', '01938889177 ; 01718479408', 'DOHAR', 'SUBA', 'SDB03-DB00046', 'H R TRDERS - DOHAR', '01987028173 ; 01917805288', 'LATHAKHOLA, JOYPARA, DOHAR.'),
(22, 'CENTRAL - 01', 'VACANT', '01938889024', 'NARAYANGONJ', 'MD. ATIQUL ISLAM MOZUMDER', '01938889020', 'KERANIGANJ', 'MD. NANNA MIA', '01938889177 ; 01718479408', 'NOWABGANJ', 'SUBA', 'SDB03-DB00047', 'KHAN ENTERPRISE-DOHAR, DHAKA', '01625704455 ; 01915054090', 'BASTALA, DOHAR, NOWBABGONJ, DHAKA'),
(23, 'CENTRAL - 01', 'VACANT', '01938889024', 'NARAYANGONJ', 'MD. ATIQUL ISLAM MOZUMDER', '01938889020', 'KERANIGANJ', 'MD. NANNA MIA', '01938889177 ; 01718479408', 'SREENAGAR', 'SUBA', 'SDB03-DB00048', 'SHEULI ENTERPRISE - SREENAGAR', '01937049820 ; 01893813616', 'CHAIRMANBARI, SOLOGOR, SREENAGOR.'),
(24, 'CENTRAL - 01', 'VACANT', '01938889024', 'NARAYANGONJ', 'MD. ATIQUL ISLAM MOZUMDER', '01938889020', 'N.GONJ', 'BIKASH ROY', '01938889241 ; 01643873008', 'NARAYANGONJ', 'DB', 'DB00049', 'JANOKALYAN ENTERPRISE-NARAYANGONJ.', '01952244111 ; 01679120801', '7 NO. COLLEGE ROAD, GOLACHIPA, N. GONJ'),
(25, 'CENTRAL - 01', 'VACANT', '01938889024', 'NARAYANGONJ', 'MD. ATIQUL ISLAM MOZUMDER', '01938889020', 'N.GONJ', 'BIKASH ROY', '01938889241 ; 01643873008', 'SIDDIRGONJ', 'DB', 'DB00050', 'GALAXY TRADE LINK-SIDDERGONJ,NARAYANGONJ', '01403-695862', 'HOUSE:75, ROAD: 10, WORD: 01, HIRAJIL SIDDERGONJ, NARAYANGONJ'),
(26, 'CENTRAL - 01', 'VACANT', '01938889024', 'NARAYANGONJ', 'MD. ATIQUL ISLAM MOZUMDER', '01938889020', 'NARSINGDI', 'SHAH ALAMIN', '01938889584', '', 'SDB', 'SDB04', 'SANJIDA TRADERS-GABTOLI NARSINGDI (SD)', '01911180942 ; 01717318899', 'GABTOLI MADRASHA GATE, NORSINGDI'),
(27, 'CENTRAL - 01', 'VACANT', '01938889024', 'NARAYANGONJ', 'MD. ATIQUL ISLAM MOZUMDER', '01938889020', 'NARSINGDI', 'SHAH ALAMIN', '01938889584', 'POLASH', 'SUBA', 'SDB04-DB00051', 'AL MADINA FASHION HOUSE-NARSHINGDHI', '01919488191 ; 01754564635', 'OPDA GHAT,SOKAL SONDA BAZAR,POLASH,GORASHAL'),
(28, 'CENTRAL - 01', 'VACANT', '01938889024', 'NARAYANGONJ', 'MD. ATIQUL ISLAM MOZUMDER', '01938889020', 'NARSINGDI', 'SHAH ALAMIN', '01938889584', 'ARAIHAZAR', 'SUBA', 'SDB04-DB00052', 'BILLAL STORE -ARAIHAZAR', '01821987392 ; 01957923336', 'HABIB MARKET, ARAIHAZAR BAZAR'),
(29, 'CENTRAL - 01', 'VACANT', '01938889024', 'NARAYANGONJ', 'MD. ATIQUL ISLAM MOZUMDER', '01938889020', 'NARSINGDI', 'SHAH ALAMIN', '01938889584', 'SHIBPUR', 'SUBA', 'SDB04-DB00053', 'MA TRADERS-MONOHORDI', '01726111914 ; 01832998144', 'MONOHORDI, BHUYA BAZAR,NARSHINGDI'),
(30, 'CENTRAL - 01', 'VACANT', '01938889024', 'NARAYANGONJ', 'MD. ATIQUL ISLAM MOZUMDER', '01938889020', 'NARSINGDI', 'SHAH ALAMIN', '01938889584', 'NARSINGDI', 'SUBA', 'SDB04-DB00054', 'SANJIDA TRADERS-GABTOLI NARSINGDI', '01911180942 ; 01717318899', 'GABTOLI MADRASHA GATE, NORSINGDI'),
(31, 'CENTRAL - 01', 'VACANT', '01938889024', 'NARAYANGONJ', 'MD. ATIQUL ISLAM MOZUMDER', '01938889020', 'NARSINGDI', 'SHAH ALAMIN', '01938889584', 'RAIPURA', 'SUBA', 'SDB04-DB00055', 'SHAHIL TRADERS-RAIPURA', '01735860712 ; 01813586057', 'SREERAMPUR BAZAR, RAIPURA, NORSHINGDI'),
(32, 'CENTRAL - 01', 'VACANT', '01938889024', 'NARAYANGONJ', 'MD. ATIQUL ISLAM MOZUMDER', '01938889020', 'NARSINGDI', 'SHAH ALAMIN', '01938889584', 'BHAIROB', 'SUBA', 'SDB04-DB00056', 'SHIMUL TRADERS-BHAIROB', '01716059576 ; 01681526544', 'SK TOWER RANI BAZAR,BHOYROB'),
(33, 'CENTRAL - 01', 'VACANT', '01938889024', 'NARAYANGONJ', 'MD. ATIQUL ISLAM MOZUMDER', '01938889020', 'SONARGAON', 'MD. OMAR FARUK', '01938889249 ; 01917601692', '', 'CD', 'CD007', 'MAA ENTERPRISE -SONARGAON,NARAYANGONJ_CD', '01823471818 ; 01921084240', 'BORONAGOR,MOGRAPARA,SONARGAON'),
(34, 'CENTRAL - 01', 'VACANT', '01938889024', 'NARAYANGONJ', 'MD. ATIQUL ISLAM MOZUMDER', '01938889020', 'SONARGAON', 'MD. OMAR FARUK', '01938889249 ; 01917601692', 'BONDOR', 'SUBB', 'CD007-DB00059', 'RAFIQUL  ENTERPRISE- NARAYANGONJ', '01954024111 ; 01673412617', 'ISPAHANI BAZAR,BONDOR, NARAYANGONJ'),
(35, 'CENTRAL - 01', 'VACANT', '01938889024', 'NARAYANGONJ', 'MD. ATIQUL ISLAM MOZUMDER', '01938889020', 'SONARGAON', 'MD. OMAR FARUK', '01938889249 ; 01917601692', 'GAUSIA', 'DB', 'DB00057', 'BISMILLAH  ENTERPRISE- TATBAZAR, VULTA', '01917363701 ; 01933208548', 'TAT BAZAR, VULTA, GAUSIA'),
(36, 'CENTRAL - 01', 'VACANT', '01938889024', 'NARAYANGONJ', 'MD. ATIQUL ISLAM MOZUMDER', '01938889020', 'SONARGAON', 'MD. OMAR FARUK', '01938889249 ; 01917601692', 'SONARGAON', 'DB', 'DB00058', 'MAA ENTERPRISE-SONARGAON, NARAYANGONJ', '01823471818 ; 01921084240', 'BORONAGOR,MOGRAPARA,SONARGAON'),
(37, 'CENTRAL - 02', 'SAZZAD HOSSAIN', '01401184260', 'GAZIPUR', 'ATIKUR RAHMAN MOSTAZIR', '01938889036', 'JOYDEBPUR', 'SUHEL RANA', '01938889582 ; 01719448596', '', 'CD', 'CD001', 'S S Trading-Joydevpur , Gazipur_CD', '01708551850 ; 01708551851', 'House no: F-227, Jorpukur, Rajbari Road, Joydebpur, Gazipur.'),
(38, 'CENTRAL - 02', 'SAZZAD HOSSAIN', '01401184260', 'GAZIPUR', 'ATIKUR RAHMAN MOSTAZIR', '01938889036', 'JOYDEBPUR', 'SUHEL RANA', '01938889582 ; 01719448596', 'KALIGONJ', 'SUBB', 'CD001-DB00014', 'LITON POULTRY FEED - KALIGONJ', '01711902520 ; 01631262203', 'GHONAPARA, KALIGONJ, GAZIPUR'),
(39, 'CENTRAL - 02', 'SAZZAD HOSSAIN', '01401184260', 'GAZIPUR', 'ATIKUR RAHMAN MOSTAZIR', '01938889036', 'JOYDEBPUR', 'SUHEL RANA', '01938889582 ; 01719448596', 'KAPASIA', 'SUBB', 'CD001-DB00016', 'RANA ENTERPRISE-KAPASIA GAZIPUR', '01937277096 ; 01937277096', 'KAPASIA BUS STAND(DHAKA ROAD),KAPASIA,GAZIPUR'),
(40, 'CENTRAL - 02', 'SAZZAD HOSSAIN', '01401184260', 'GAZIPUR', 'ATIKUR RAHMAN MOSTAZIR', '01938889036', 'JOYDEBPUR', 'SUHEL RANA', '01938889582 ; 01719448596', 'GAZIPUR', 'DB', 'DB00015', 'S S Trading-Joydevpur , Gazipur', '01708551850 ; 01708551851', 'House no: F-227, Jorpukur, Rajbari Road, Joydebpur, Gazipur.'),
(41, 'CENTRAL - 02', 'SAZZAD HOSSAIN', '01401184260', 'GAZIPUR', 'ATIKUR RAHMAN MOSTAZIR', '01938889036', 'KONABARI', 'UZZAL BARMAN', '01938889560', '', 'CD', 'CD002', 'HAZI ENTERPRISE -KONABARI (GAZIPUR)_CD', '01881113714', 'SIRAJ SARONI ROAD,PARIJAT, KONABARI, GAZIPUR.'),
(42, 'CENTRAL - 02', 'SAZZAD HOSSAIN', '01401184260', 'GAZIPUR', 'ATIKUR RAHMAN MOSTAZIR', '01938889036', 'KONABARI', 'UZZAL BARMAN', '01938889560', 'SOFIPUR', 'SUBB', 'CD002-DB00018', 'SAMIHA ENTERPRISE-SOFIPUR,GAZIPUR', '01775255897', 'BEKARI MORE, SOFIPUR PURBOPARA, KALIAKOIR, GAZIPUR'),
(43, 'CENTRAL - 02', 'SAZZAD HOSSAIN', '01401184260', 'GAZIPUR', 'ATIKUR RAHMAN MOSTAZIR', '01938889036', 'KONABARI', 'UZZAL BARMAN', '01938889560', 'KONABARI', 'DB', 'DB00017', 'HAZI ENTERPRISE -KONABARI ( GAZIPUR )', '01881113714', 'SIRAJ SARONI ROAD,PARIJAT, KONABARI, GAZIPUR.'),
(44, 'CENTRAL - 02', 'SAZZAD HOSSAIN', '01401184260', 'GAZIPUR', 'ATIKUR RAHMAN MOSTAZIR', '01938889036', 'MAWNA', 'MD KAMRUL ISLAM', '01938889228 ; 01926463196', '', 'CD', 'CD003', 'AL FORID BANIJJALOI -SREEPUR GAZIPUR_CD', '01711339615 ; 01911339615', 'HAMS GATE,BOIRAGIRCHALA,SREEPUR,GAZIPUR'),
(45, 'CENTRAL - 02', 'SAZZAD HOSSAIN', '01401184260', 'GAZIPUR', 'ATIKUR RAHMAN MOSTAZIR', '01938889036', 'MAWNA', 'MD KAMRUL ISLAM', '01938889228 ; 01926463196', 'GAFORGAON', 'SUBB', 'CD003-DB00020', 'FENCY VERAITISE & COSMETICS-GAFORGAON', '01918190972', 'RAIL STATION ROAD,GOYEOSPUR BAZAR,GAFARGAON'),
(46, 'CENTRAL - 02', 'SAZZAD HOSSAIN', '01401184260', 'GAZIPUR', 'ATIKUR RAHMAN MOSTAZIR', '01938889036', 'MAWNA', 'MD KAMRUL ISLAM', '01938889228 ; 01926463196', 'MAWNA', 'DB', 'DB00019', 'AL FORID BANIJJALOI -SREEPUR GAZIPUR', '01711339615 ; 01911339615', 'HAMS GATE,BOIRAGIRCHALA,SREEPUR,GAZIPUR'),
(47, 'CENTRAL - 02', 'SAZZAD HOSSAIN', '01401184260', 'GAZIPUR', 'ATIKUR RAHMAN MOSTAZIR', '01938889036', 'TONGI', 'MD MOSTOFA KAMAL', '01938889611 ; 01925396017', 'BOARDBAZAR', 'DB', 'DB00021', 'MOSTAFA TRADERS-TONGI', '01683642496 ; 01620182325', 'MOSJID ROAD , BOARD BAZAR, GAZIPUR'),
(48, 'CENTRAL - 02', 'SAZZAD HOSSAIN', '01401184260', 'GAZIPUR', 'ATIKUR RAHMAN MOSTAZIR', '01938889036', 'TONGI', 'MD MOSTOFA KAMAL', '01938889611 ; 01925396017', 'TONGI', 'DB', 'DB00022', 'PRATTAY TRADING-TONGI', '01712263162 ; 01922968598', 'MORIOM MANTION, TONGI BAZAR, TONGI , GAZIPUR'),
(49, 'CENTRAL - 02', 'SAZZAD HOSSAIN', '01401184260', 'MYMENSINGH', 'ANAYAT KABIR', '01938889012', 'JAMALPUR', 'ABU BAKAR SIDDIQUE', '01938889266 ; 01871977732', 'SHERPUR', 'DB', 'DB00023', 'I S STORE- NOINE BAZAR,SHERPUR', '01718022328 ; 01772497036', 'NOYANI BAZAR, SHERPUR.'),
(50, 'CENTRAL - 02', 'SAZZAD HOSSAIN', '01401184260', 'MYMENSINGH', 'ANAYAT KABIR', '01938889012', 'JAMALPUR', 'ABU BAKAR SIDDIQUE', '01938889266 ; 01871977732', '', 'SDB', 'SDB01', 'M S I ENTERPRISE-KACHARIPARA ,JAMALPUR SD', '01936476606 ; 01716918917', '0537/0 WEST KACHARIPARA,JAMALPUR'),
(51, 'CENTRAL - 02', 'SAZZAD HOSSAIN', '01401184260', 'MYMENSINGH', 'ANAYAT KABIR', '01938889012', 'JAMALPUR', 'ABU BAKAR SIDDIQUE', '01938889266 ; 01871977732', 'SORISABARI', 'SUBA', 'SDB01-DB00024', 'MOCCA ENTERPRISE- SORISABARI,JAMALPUR', '01713599786 ; 01613599786', 'ARAMNOGOR BAZAR, SORISABARI, JAMALPUR'),
(52, 'CENTRAL - 02', 'SAZZAD HOSSAIN', '01401184260', 'MYMENSINGH', 'ANAYAT KABIR', '01938889012', 'JAMALPUR', 'ABU BAKAR SIDDIQUE', '01938889266 ; 01871977732', 'JAMALPUR', 'SUBA', 'SDB01-DB00025', 'NAZRUL STORE-JAMALPUR', '01712232462 ; 01815676008', 'NIRALA MARKET, JAMALPUR'),
(53, 'CENTRAL - 02', 'SAZZAD HOSSAIN', '01401184260', 'MYMENSINGH', 'ANAYAT KABIR', '01938889012', 'JAMALPUR', 'ABU BAKAR SIDDIQUE', '01938889266 ; 01871977732', 'DEWANGONJ', 'SUBA', 'SDB01-DB00026', 'NURJAHAN COS - DEWANGONJ', '01716930876 ; 01688977588', 'MODDO BAZAR, MADRASHA ROAD, DWANGONJ'),
(54, 'CENTRAL - 02', 'SAZZAD HOSSAIN', '01401184260', 'MYMENSINGH', 'ANAYAT KABIR', '01938889012', 'JAMALPUR', 'ABU BAKAR SIDDIQUE', '01938889266 ; 01871977732', 'BAKSHIGONJ', 'SUBA', 'SDB01-DB00027', 'SELIM STORE-BAKSHIGONJ', '01688977128 ; 01713524262', 'MALIBAG MORE,BAKSHIGONJ, JAMALPUR'),
(55, 'CENTRAL - 02', 'SAZZAD HOSSAIN', '01401184260', 'MYMENSINGH', 'ANAYAT KABIR', '01938889012', 'JAMALPUR', 'ABU BAKAR SIDDIQUE', '01938889266 ; 01871977732', 'RAJIBPUR', 'SUBA', 'SDB01-DB00028', 'URMI GENARAL STORE-RAJIBPUR,KURIGARM', '01916009562 ; 01839923618', 'SCHOOL ROAD, RAJIBPUR, KURIGRAM'),
(56, 'CENTRAL - 02', 'SAZZAD HOSSAIN', '01401184260', 'MYMENSINGH', 'ANAYAT KABIR', '01938889012', 'MYMENSING', 'NUR ALAM SIDDIKI', '01938889255 ; 01796217872', 'FULPUR', 'DB', 'DB00029', 'BABUL STORE - FULPUR,MYMENSHINGH', '01717152691 ; 01717436425', 'AMUAKANDA BAZAR, FULPUR, MYMENSHINGH'),
(57, 'CENTRAL - 02', 'SAZZAD HOSSAIN', '01401184260', 'MYMENSINGH', 'ANAYAT KABIR', '01938889012', 'MYMENSING', 'NUR ALAM SIDDIKI', '01938889255 ; 01796217872', 'MYMENSINGH', 'DB', 'DB00030', 'BANANI PROSADHANI- MYMENSINGH', '01717785525 ; 01673500050', 'NIZUM PLAZA (2ND FOLOR),AB GUHA ROAD, GANGINAPAR,MYMENSINGH'),
(58, 'CENTRAL - 02', 'SAZZAD HOSSAIN', '01401184260', 'MYMENSINGH', 'ANAYAT KABIR', '01938889012', 'MYMENSING', 'NUR ALAM SIDDIKI', '01938889255 ; 01796217872', 'VALUKA', 'DB', 'DB00033', 'SARABELA STORE - VALUKA,MYMENSHINGH', '01715886655 ; 01740983375', 'BAZER ROAD,BHALUKA,MYMENSINGH'),
(59, 'CENTRAL - 02', 'SAZZAD HOSSAIN', '01401184260', 'MYMENSINGH', 'ANAYAT KABIR', '01938889012', 'MYMENSING', 'NUR ALAM SIDDIKI', '01938889255 ; 01796217872', '', 'SDB', 'SDB02', 'M S S ENTERPRISE-DOPAKHOLA MOR,MYMENSING SD', '01796217872 ; 01830839582', 'DOPAKHOLA MORE, NEAR BY EYE HOSPITAL, MYMENSHINGH'),
(60, 'CENTRAL - 02', 'SAZZAD HOSSAIN', '01401184260', 'MYMENSINGH', 'ANAYAT KABIR', '01938889012', 'MYMENSING', 'NUR ALAM SIDDIKI', '01938889255 ; 01796217872', 'ISHWARGONJ', 'SUBA', 'SDB02-DB00031', 'LAXMI STORE-ISHWARGONJ', '01717840082 ; 01717423070', 'BUS STAND,IRSORGONJ.MYMENSINGH'),
(61, 'CENTRAL - 02', 'SAZZAD HOSSAIN', '01401184260', 'MYMENSINGH', 'ANAYAT KABIR', '01938889012', 'MYMENSING', 'NUR ALAM SIDDIKI', '01938889255 ; 01796217872', 'MUKTAGASHA', 'SUBA', 'SDB02-DB00032', 'MOUSHI COSMETICS - MUKTAGASHA', '01930724095 ; 01893715750', 'SK SUPER MARKET,MUKTAGACH,MYMENSINGH'),
(62, 'CENTRAL - 02', 'SAZZAD HOSSAIN', '01401184260', 'MYMENSINGH', 'ANAYAT KABIR', '01938889012', 'NETROKONA', 'MD. MYNUL ISLAM', '01938889084', '', 'CD', 'CD004', 'MOHAMMAD ENTERPRISE-KISHORGONJ_CD', '01925651371 ; 01715347970', 'MELA BAZAR,BATRISH,KISHORGONJ.'),
(63, 'CENTRAL - 02', 'SAZZAD HOSSAIN', '01401184260', 'MYMENSINGH', 'ANAYAT KABIR', '01938889012', 'NETROKONA', 'MD. MYNUL ISLAM', '01938889084', 'KOTIADI', 'SUBB', 'CD004-DB00034', 'FC DISTRIBUTION-KOTIADI', '01935669418 ; 01938521962', 'MANIKKHALI ROAD,KATIADI,KISHORGONJ.'),
(64, 'CENTRAL - 02', 'SAZZAD HOSSAIN', '01401184260', 'MYMENSINGH', 'ANAYAT KABIR', '01938889012', 'NETROKONA', 'MD. MYNUL ISLAM', '01938889084', 'KARIMGONJ', 'SUBB', 'CD004-DB00038', 'MAYER DOA STORE-KARIMGONJ', '01719644251 ; 01734523960', 'NIAMOTPUR MODDO BAZAR,KARIMGONJ,KISHORGONJ'),
(65, 'CENTRAL - 02', 'SAZZAD HOSSAIN', '01401184260', 'MYMENSINGH', 'ANAYAT KABIR', '01938889012', 'NETROKONA', 'MD. MYNUL ISLAM', '01938889084', 'KULIARCHOR', 'SUBB', 'CD004-DB00040', 'SUCHONA TRADERS- BHAIRAB ( KULIACHORE )', '01711209801 ; 01939710752', 'TINPATTI,KULIARCHORE BAZER,KULIACHORE,KISHORGONJ.'),
(66, 'CENTRAL - 02', 'SAZZAD HOSSAIN', '01401184260', 'MYMENSINGH', 'ANAYAT KABIR', '01938889012', 'NETROKONA', 'MD. MYNUL ISLAM', '01938889084', '', 'CD', 'CD005', 'LATIF ENTERPRISE-STATION ROAD ,NETROKONA_CD', '01713503897 ; 01934336813', 'CHANKHAR MORE,SHATPAI, NETRAKONA'),
(67, 'CENTRAL - 02', 'SAZZAD HOSSAIN', '01401184260', 'MYMENSINGH', 'ANAYAT KABIR', '01938889012', 'NETROKONA', 'MD. MYNUL ISLAM', '01938889084', 'MOHONGANJ', 'SUBB', 'CD005-DB00035', 'JAMAN SHOE STORE-MOHONGONG, NETRAKONA', '01712818863 ; 01911377843', 'F RAHAMAN ROAD,MOHONGONJ BAZAR,MOHONGONJ,NETRAKONA'),
(68, 'CENTRAL - 02', 'SAZZAD HOSSAIN', '01401184260', 'MYMENSINGH', 'ANAYAT KABIR', '01938889012', 'NETROKONA', 'MD. MYNUL ISLAM', '01938889084', 'DURGAPUR', 'SUBB', 'CD005-DB00036', 'JIBON KUMAR PAUL - DURGAPUR(NETROKONA)', '01732211820 ; 01743807297', 'MODHU BAZAR, DURGAPUR, NETROKUNA'),
(69, 'CENTRAL - 02', 'SAZZAD HOSSAIN', '01401184260', 'MYMENSINGH', 'ANAYAT KABIR', '01938889012', 'NETROKONA', 'MD. MYNUL ISLAM', '01938889084', 'NETROKONA', 'DB', 'DB00037', 'LATIF ENTERPRISE- STATION ROAD, NETROKONA', '01713503897 ; 01934336813', 'CHANKHAR MORE,SHATPAI, NETRAKONA'),
(70, 'CENTRAL - 02', 'SAZZAD HOSSAIN', '01401184260', 'MYMENSINGH', 'ANAYAT KABIR', '01938889012', 'NETROKONA', 'MD. MYNUL ISLAM', '01938889084', 'KISHERGONJ', 'DB', 'DB00039', 'MOHAMMAD ENTERPRISE-KISHORGONJ', '01925651371 ; 01715347970', 'MELA BAZAR,BATRISH,KISHORGONJ.'),
(71, 'CENTRAL - 02', 'SAZZAD HOSSAIN', '01401184260', 'SAVAR', 'MD. OHIDUL ISLAM MASUD', '01938889010', 'ASULIA', 'MD. ZAHIDUL ISLAM', '01938889200 ; 01917994540', 'ASULIA', 'DB', 'DB00060', 'ORTHI ENTERPRISE- JIRABO ,ASHULIA, SAVER.', '01911336549 ; 01902909094', 'TOYOBPUR MUNSHI MARKET ASHULIA'),
(72, 'CENTRAL - 02', 'SAZZAD HOSSAIN', '01401184260', 'SAVAR', 'MD. OHIDUL ISLAM MASUD', '01938889010', 'ASULIA', 'MD. ZAHIDUL ISLAM', '01938889200 ; 01917994540', 'NISCHINTOPUR', 'DB', 'DB00061', 'SARKER TRADING -ASHULIA', '01732470907 ; 01818413126', 'AMIR UDDIN SUPER MARKET, NISCINTOPUR BUSSTAND, SIGHT OF DEWAN CNG PUMP, ASHULIA'),
(73, 'CENTRAL - 02', 'SAZZAD HOSSAIN', '01401184260', 'SAVAR', 'MD. OHIDUL ISLAM MASUD', '01938889010', 'KALIAKOIR', 'MD. AMINUL HAQUE', '01938889185 ; 01940412864', '', 'CD', 'CD008', 'KAKOLI TRADERS-GAZIPUR,KALIAKOR_CD', '01711863957 ; 01712004027', 'DHAKA TO TANGAIL ROAD, NEAR OF BONGSHAI BRIDGE, KALIAKOIR, GAZIPUR'),
(74, 'CENTRAL - 02', 'SAZZAD HOSSAIN', '01401184260', 'SAVAR', 'MD. OHIDUL ISLAM MASUD', '01938889010', 'KALIAKOIR', 'MD. AMINUL HAQUE', '01938889185 ; 01940412864', 'MIRZAPUR', 'SUBB', 'CD008-DB00064', 'SOLAN TRADERS - MIRJAPUR,TANGAIL', '01819043997 ; 01819844385', 'ASHKOBOR BHOBON PURATON BUSSTAND MIRZAPUR TANGAIL'),
(75, 'CENTRAL - 02', 'SAZZAD HOSSAIN', '01401184260', 'SAVAR', 'MD. OHIDUL ISLAM MASUD', '01938889010', 'KALIAKOIR', 'MD. AMINUL HAQUE', '01938889185 ; 01940412864', 'SREEPUR', 'DB', 'DB00062', 'AHONA ENTERPRISE-ASHULIA,DHAKA', '01811885954 ; 01928357479', 'SHAMSHER PLAZA, BOLIVODRO, ASHULIA DHAKA'),
(76, 'CENTRAL - 02', 'SAZZAD HOSSAIN', '01401184260', 'SAVAR', 'MD. OHIDUL ISLAM MASUD', '01938889010', 'KALIAKOIR', 'MD. AMINUL HAQUE', '01938889185 ; 01940412864', 'KALIAKOIR', 'DB', 'DB00063', 'KAKOLI TRADERS - GAZIPUR,KALIAKOR', '01711863957 ; 01712004027', 'DHAKA TO TANGAIL ROAD, NEAR OF BONGSHAI BRIDGE, KALIAKOIR, GAZIPUR'),
(77, 'CENTRAL - 02', 'SAZZAD HOSSAIN', '01401184260', 'SAVAR', 'MD. OHIDUL ISLAM MASUD', '01938889010', 'MANIKGONJ', 'MD. KHALED MAHAMUD', '01938889610 ; 01612824841', '', 'CD', 'CD009', 'RAYHAN ENTERPRISE-NAYERHAT_CD', '01924101331 ; 01710397159', 'SABED DEWAN ROAD, NAYERHAT'),
(78, 'CENTRAL - 02', 'SAZZAD HOSSAIN', '01401184260', 'SAVAR', 'MD. OHIDUL ISLAM MASUD', '01938889010', 'MANIKGONJ', 'MD. KHALED MAHAMUD', '01938889610 ; 01612824841', 'MANIKGONJ', 'SUBB', 'CD009-DB00065', 'DORA TRADERS-MANIKGONJ', '01713545062 ; 01554551465', 'TIN PATTI, SADAR MANIKGONJ'),
(79, 'CENTRAL - 02', 'SAZZAD HOSSAIN', '01401184260', 'SAVAR', 'MD. OHIDUL ISLAM MASUD', '01938889010', 'MANIKGONJ', 'MD. KHALED MAHAMUD', '01938889610 ; 01612824841', 'MANIKGONJ', 'SUBB', '', 'SHYAMOL ENTERPRISE-SATURIA', '01681300202 ; 01971300202', 'Saturia Bazar, Saturia, Manikgonj'),
(80, 'CENTRAL - 02', 'SAZZAD HOSSAIN', '01401184260', 'SAVAR', 'MD. OHIDUL ISLAM MASUD', '01938889010', 'MANIKGONJ', 'MD. KHALED MAHAMUD', '01938889610 ; 01612824841', 'NAYERHAT', 'DB', 'DB00066', 'RAYHAN ENTERPRISE - NAYERHAT', '01924101331 ; 01710397159', 'SABED DEWAN ROAD, NEAR OF EXIM BANK, NAYERHAT'),
(81, 'CENTRAL - 02', 'SAZZAD HOSSAIN', '01401184260', 'SAVAR', 'MD. OHIDUL ISLAM MASUD', '01938889010', 'SAVAR', 'MD. ABU BAKAR SIDDIQUE SHAON', '01938889185 ; 01739475344', '', 'CD', 'CD010', 'MANIK ENTERPRISE-SAVAR_CD', '01711736943 ; 01823404054', 'D-120, NAMA BAZAR ROAD, SAVER, DHAKA'),
(82, 'CENTRAL - 02', 'SAZZAD HOSSAIN', '01401184260', 'SAVAR', 'MD. OHIDUL ISLAM MASUD', '01938889010', 'SAVAR', 'MD. ABU BAKAR SIDDIQUE SHAON', '01938889185 ; 01739475344', 'SINGAIR', 'SUBB', 'CD010-DB00068', 'SOJIB ENTERPRISE : SINGAIR MANIKGONJ', '01721072395', 'SINGAIR BAZAR, MANIKGONJ'),
(83, 'CENTRAL - 02', 'SAZZAD HOSSAIN', '01401184260', 'SAVAR', 'MD. OHIDUL ISLAM MASUD', '01938889010', 'SAVAR', 'MD. ABU BAKAR SIDDIQUE SHAON', '01938889185 ; 01739475344', 'HEMAYETPUR', 'SUBB', 'CD010-DB00256', 'KAMAL ENTERPRISE, HEMAYETPUR', '01928985949 ; 01918040313', 'JADURCHOR, MODHOPARA, HEMAYETPUR , SAVER, DHAKA.'),
(84, 'CENTRAL - 02', 'SAZZAD HOSSAIN', '01401184260', 'SAVAR', 'MD. OHIDUL ISLAM MASUD', '01938889010', 'SAVAR', 'MD. ABU BAKAR SIDDIQUE SHAON', '01938889185 ; 01739475344', 'SAVAR', 'DB', 'DB00067', 'MANIK ENTERPRISE-SAVAR', '01711736943 ; 01823404054', 'D-120, NAMA BAZAR ROAD, SAVER, DHAKA'),
(85, 'CENTRAL - 02', 'SAZZAD HOSSAIN', '01401184260', 'SAVAR', 'MD. OHIDUL ISLAM MASUD', '01938889010', 'TANGAIL', 'MD.NURUL ISLAM', '01938889274 ; 01713800610', '', 'SDB', 'SDB05', 'BOI MELLA-TANGAIL_SD', '01676690169 ; 01714354518', 'NEAR PORT GODOWN, TANGAIL'),
(86, 'CENTRAL - 02', 'SAZZAD HOSSAIN', '01401184260', 'SAVAR', 'MD. OHIDUL ISLAM MASUD', '01938889010', 'TANGAIL', 'MD.NURUL ISLAM', '01938889274 ; 01713800610', 'NAGORPUR', 'SUBA', 'SDB05-DB00069', 'M/S SOYAD ENTERPRISE', '01720049482 ; 01970049482', 'NAGORPUR BUSSTAND, NAGORPUR, TANGAIL'),
(87, 'CENTRAL - 02', 'SAZZAD HOSSAIN', '01401184260', 'SAVAR', 'MD. OHIDUL ISLAM MASUD', '01938889010', 'TANGAIL', 'MD.NURUL ISLAM', '01938889274 ; 01713800610', 'TANGAIL', 'SUBA', 'SDB05-DB00070', 'HAZI NUR TRADERS-TANGAIL', '01711117140 ; 01911053524', 'SAWDIA SHOPING CENTER MASJID ROAD TANGAIL'),
(88, 'CENTRAL - 02', 'SAZZAD HOSSAIN', '01401184260', 'SAVAR', 'MD. OHIDUL ISLAM MASUD', '01938889010', 'TANGAIL', 'MD.NURUL ISLAM', '01938889274 ; 01713800610', 'KALIHATI', 'SUBA', 'SDB05-DB00071', 'JAKIR ENTERPRISE-KALIHATI,TANGAIL', '01854973898 ; 01748298580', 'BAZAR ROAD, CENTRAL MASJID, KALIHATI, TANGAIL'),
(89, 'CENTRAL - 02', 'SAZZAD HOSSAIN', '01401184260', 'SAVAR', 'MD. OHIDUL ISLAM MASUD', '01938889010', 'TANGAIL', 'MD.NURUL ISLAM', '01938889274 ; 01713800610', 'MADHOPUR', 'SUBA', 'SDB05-DB00072', 'KHALEQUE ENTERPRISE-MADHOPUR', '01717354025 ; 01912814084', 'HATEM ALI PLAZA, MYMENSING ROAD, MODHUPUR TANGAIL'),
(90, 'CENTRAL - 02', 'SAZZAD HOSSAIN', '01401184260', 'SAVAR', 'MD. OHIDUL ISLAM MASUD', '01938889010', 'TANGAIL', 'MD.NURUL ISLAM', '01938889274 ; 01713800610', 'SHAKHIPUR', 'SUBA', 'SDB05-DB00073', 'SUMON ENTERPRISE - SHAKHIPUR', '01754525076 ; 01740602539', 'HOSPITAL GAIT SOKHIPUR TANGAIL'),
(91, 'EAST', 'MOHAMMAD MASUD RANA', '01938889005', 'COMILLA', 'VACANT', '01938889015', 'B.BARIA', 'OLI UDDIN FARAZI', '01938889360 ; 01990577660', 'DEBIDWER', 'DB', 'DB00074', 'BONDHU ENTERPRISE -DEBIDWER', '01987-013851 ; 1811-648427', 'NEW MARKET, DEBIDWAR, COMILLA'),
(92, 'EAST', 'MOHAMMAD MASUD RANA', '01938889005', 'COMILLA', 'VACANT', '01938889015', 'B.BARIA', 'OLI UDDIN FARAZI', '01938889360 ; 01990577660', 'B-BARIA', 'DB', 'DB00075', 'BONIK BROTHERS-B.BARIA', '01711-571176 ; 1711-571176', 'KALI MONDIR ROAD, SARAK BAZAR, B.BARIA'),
(93, 'EAST', 'MOHAMMAD MASUD RANA', '01938889005', 'COMILLA', 'VACANT', '01938889015', 'B.BARIA', 'OLI UDDIN FARAZI', '01938889360 ; 01990577660', 'COMPANYGONJ', 'DB', 'DB00078', 'MS TRADERS-MURADNAGAR COMILLA', '01710-885273 ; 1956-244496', 'NABINAGAR ROAD, COMPANIGONJ, MURADNAGAR, COMILLA'),
(94, 'EAST', 'MOHAMMAD MASUD RANA', '01938889005', 'COMILLA', 'VACANT', '01938889015', 'B.BARIA', 'OLI UDDIN FARAZI', '01938889360 ; 01990577660', '', 'SDB', 'SDB06', 'KAJI ENTERPRISE-BRAHMANBARIA_SD', '01712980687', '931, FM TOWER, WABDA ROAD, DATIARA, B.BARIA.'),
(95, 'EAST', 'MOHAMMAD MASUD RANA', '01938889005', 'COMILLA', 'VACANT', '01938889015', 'B.BARIA', 'OLI UDDIN FARAZI', '01938889360 ; 01990577660', 'KASBA', 'SUBA', 'SDB06-DB00076', 'FAHIM & MAHI ENTERPRISE - COSBA', '01712-728260 ; 1712-728260', 'KOSBA NOTUN BAZAR, B.BARIA'),
(96, 'EAST', 'MOHAMMAD MASUD RANA', '01938889005', 'COMILLA', 'VACANT', '01938889015', 'B.BARIA', 'OLI UDDIN FARAZI', '01938889360 ; 01990577660', 'ASHUGONJ', 'SUBA', 'SDB06-DB00077', 'HANIF & BROTHERS-ASHUGONJ', '01744-992230 ; 1746-975845', 'ASHUGONJ BAZAR, B.BARIA'),
(97, 'EAST', 'MOHAMMAD MASUD RANA', '01938889005', 'COMILLA', 'VACANT', '01938889015', 'B.BARIA', 'OLI UDDIN FARAZI', '01938889360 ; 01990577660', 'MADHOBPUR', 'SUBA', 'SDB06-DB00079', 'PRITOM STORE-MADHOBPUR,HOBIGONG', '01722-595479 ; 1935-167835', 'MADOBPUR BAZAR, MADOBPUR, HOBIGHONJ'),
(98, 'EAST', 'MOHAMMAD MASUD RANA', '01938889005', 'COMILLA', 'VACANT', '01938889015', 'B.BARIA', 'OLI UDDIN FARAZI', '01938889360 ; 01990577660', 'NOBINOGOR', 'SUBA', 'SDB06-DB00080', 'SADIYA ENTERPRISE-NABINAGAR,BRAHMANBARIA', '01829-397837 ; 1829-397837', 'KORT ROAD, NABINAGAR, B.BARIA'),
(99, 'EAST', 'MOHAMMAD MASUD RANA', '01938889005', 'COMILLA', 'VACANT', '01938889015', 'CHANDPUR', 'MUSLIMUR RAHMAN', '01938889543 ; 01732698997', '', 'CD', 'CD011', 'MADEHA ENTERPRISE-CHANDPUR _CD', '01776-195441 ; 01632-808020', 'POLLI BIDDUT, NOTUN BAZAR, CHANDPUR'),
(100, 'EAST', 'MOHAMMAD MASUD RANA', '01938889005', 'COMILLA', 'VACANT', '01938889015', 'CHANDPUR', 'MUSLIMUR RAHMAN', '01938889543 ; 01732698997', 'CHENGARCHOR', 'SUBB', 'CD011-DB00081', 'ALLAHAR DAN ENTERPRISE-MOTLAB UTTAR, CHANDPUR', '01920-719914 ; 1686-397227', 'CENGARCHAR BAZAR, MOTLAB UTTAR, CHANDPUR'),
(101, 'EAST', 'MOHAMMAD MASUD RANA', '01938889005', 'COMILLA', 'VACANT', '01938889015', 'CHANDPUR', 'MUSLIMUR RAHMAN', '01938889543 ; 01732698997', 'HAZIGONJ', 'SUBB', 'CD011-DB00082', 'JAHANARA ENTERPRISE-HAZIGONJ CHANDPUR', '01682-755031 ; 1768-104488', 'HAJIGONJ BAZAR, CHANDPUR'),
(102, 'EAST', 'MOHAMMAD MASUD RANA', '01938889005', 'COMILLA', 'VACANT', '01938889015', 'CHANDPUR', 'MUSLIMUR RAHMAN', '01938889543 ; 01732698997', 'SHAHRASTI', 'SUBB', 'CD011-DB00083', 'M R STORE-SHAHRASTI, CHANDPUR', '01813-738445 ; 1613-738445', 'KALIBARI, SHAHRASTI, CHANDPUR'),
(103, 'EAST', 'MOHAMMAD MASUD RANA', '01938889005', 'COMILLA', 'VACANT', '01938889015', 'CHANDPUR', 'MUSLIMUR RAHMAN', '01938889543 ; 01732698997', 'CHANDPUR', 'DB', 'DB00084', 'MADEHA ENTERPRISE - CHANDPUR', '01776-195441 ; 1632-808020', 'POLLI BIDDUT, NOTUN BAZAR, CHANDPUR'),
(104, 'EAST', 'MOHAMMAD MASUD RANA', '01938889005', 'COMILLA', 'VACANT', '01938889015', 'CHANDPUR', 'MUSLIMUR RAHMAN', '01938889543 ; 01732698997', 'LAKSHAM', 'DB', 'DB00085', 'P R ENTERPRISE - LAKSHAM', '01924-683032 ; 1716-111540', 'PURATON MOSJID, DOULOTGONJ, LAKSHAM BAZAR'),
(105, 'EAST', 'MOHAMMAD MASUD RANA', '01938889005', 'COMILLA', 'VACANT', '01938889015', 'COMILLA', 'SHELIM ULLAH', '01938889310', 'COMILLA', 'DB', 'DB00087', 'JBL ENTERPRISE- COMILLA', '01681-710447 ; 1639-065156', 'NURPUR, CHUMUHONI, COMILLA'),
(106, 'EAST', 'MOHAMMAD MASUD RANA', '01938889005', 'COMILLA', 'VACANT', '01938889015', 'COMILLA', 'SHELIM ULLAH', '01938889310', '', 'SDB', 'SDB07', 'M R TRADE CENTER-MURADPUR CUMILLA SD', '01775956570 ; 01775956570', '2ND MURADPUR, COMILLA'),
(107, 'EAST', 'MOHAMMAD MASUD RANA', '01938889005', 'COMILLA', 'VACANT', '01938889015', 'COMILLA', 'SHELIM ULLAH', '01938889310', 'CHANDINA', 'SUBA', 'SDB07-DB00086', 'HOSSAIN & SON- CHANDINA BAZAR, COMILLA', '01759-971018 ; 1824-786171', 'CHANDINA BAZAR, COMILLA'),
(108, 'EAST', 'MOHAMMAD MASUD RANA', '01938889005', 'COMILLA', 'VACANT', '01938889015', 'COMILLA', 'SHELIM ULLAH', '01938889310', 'BANCHARAMPUR', 'SUBA', 'SDB07-DB00088', 'MAHROM GENERAL STORE - ASAD NAGAR, BANCHARAMPUR.', '01703-925180 ; 1817-623264', 'ASAD NAGAR BAZAR, BANCHARAMPUR, B.BARIA'),
(109, 'EAST', 'MOHAMMAD MASUD RANA', '01938889005', 'COMILLA', 'VACANT', '01938889015', 'COMILLA', 'SHELIM ULLAH', '01938889310', 'GOARIPUR', 'SUBA', 'SDB07-DB00089', 'MOHIIUDDIN TRADERS-GOARIPUR BAZAR', '01912-444035 ; 1831-317006', 'GOURIPUR BAZAR, GOURIPUR, COMILLA'),
(110, 'EAST', 'MOHAMMAD MASUD RANA', '01938889005', 'COMILLA', 'VACANT', '01938889015', 'COMILLA', 'SHELIM ULLAH', '01938889310', 'BARURA', 'SUBA', 'SDB07-DB00090', 'NURUL ISLAM ENTERPRISE-BARURA BAZAR, COMILLA', '01799-017023 ; 1849-478908', 'DEWRA BAZAR, BORURA, COMILLA'),
(111, 'EAST', 'MOHAMMAD MASUD RANA', '01938889005', 'CTG_NORTH', 'KAZI MD. ARIFUR RAHMAN', '01938889016', ' OXIGEN', 'SUJON BAIDYA', '01938889344 ; 01819624329', '', 'SDB', 'SDB09', 'HAZI AMIRUZZAMAN & SONS-KHATUNGONJ_OXYGEN_SD', '01817791187 ; 01782094749', 'KHATUNGONJ, CHITTAGONJ'),
(112, 'EAST', 'MOHAMMAD MASUD RANA', '01938889005', 'CTG_NORTH', 'KAZI MD. ARIFUR RAHMAN', '01938889016', ' OXIGEN', 'SUJON BAIDYA', '01938889344 ; 01819624329', 'CHAWK BAZAR', 'SUBA', 'SDB09-DB00099', 'JBL ENTERPRISE-ADUNIK CHAWK SUPER MARKET CHITTAGONG', '01979917313 ; 01819917313', 'ADUNIK CHAWK SUPER MARKET,CHAWKBAZAR, CHITTAGONG'),
(113, 'EAST', 'MOHAMMAD MASUD RANA', '01938889005', 'CTG_NORTH', 'KAZI MD. ARIFUR RAHMAN', '01938889016', ' OXIGEN', 'SUJON BAIDYA', '01938889344 ; 01819624329', 'RANGUNIYA', 'SUBA', 'SDB09-DB00100', 'LOKNATH ENTERPRISE - RANGUNIYA,CTG', '01643881866 ; 01815917402', 'LICHUBAGAN, RANGUNIA'),
(114, 'EAST', 'MOHAMMAD MASUD RANA', '01938889005', 'CTG_NORTH', 'KAZI MD. ARIFUR RAHMAN', '01938889016', ' OXIGEN', 'SUJON BAIDYA', '01938889344 ; 01819624329', 'OXIGEN', 'SUBA', 'SDB09-DB00101', 'M.A TRADERS-OXIGEN,CHITTAGONG', '01818151881 ; 01676193276', 'PATHANPARA OXYGEN CHITTAGONG'),
(115, 'EAST', 'MOHAMMAD MASUD RANA', '01938889005', 'CTG_NORTH', 'KAZI MD. ARIFUR RAHMAN', '01938889016', ' OXIGEN', 'SUJON BAIDYA', '01938889344 ; 01819624329', 'EIDGAH', 'SUBA', 'SDB09-DB00102', 'MAA ENTERPRISE-NASIRABAD CHITTAGONG', '01623329491 ; 01305594367', 'PATHANPARA OXYGEN CHITTAGONG'),
(116, 'EAST', 'MOHAMMAD MASUD RANA', '01938889005', 'CTG_NORTH', 'KAZI MD. ARIFUR RAHMAN', '01938889016', ' OXIGEN', 'SUJON BAIDYA', '01938889344 ; 01819624329', 'BAKALIA', 'SUBA', 'SDB09-DB00103', 'N. K ENTERPRISE-BAKALIA,CHITTAGONG', '01973971566 ; 01823971566', 'CWAKBAZR BAKALIA, CHITTAGONJ'),
(117, 'EAST', 'MOHAMMAD MASUD RANA', '01938889005', 'CTG_NORTH', 'KAZI MD. ARIFUR RAHMAN', '01938889016', ' OXIGEN', 'SUJON BAIDYA', '01938889344 ; 01819624329', 'MURADPUR', 'SUBA', 'SDB09-DB00104', 'TANVIR ENTERPRISE --GEC', '01782478106 ; 01855666778', 'KHATUNGONJ, CHITTAGONJ'),
(118, 'EAST', 'MOHAMMAD MASUD RANA', '01938889005', 'CTG_NORTH', 'KAZI MD. ARIFUR RAHMAN', '01938889016', 'BARAIYERHAT', 'AL HARUN', '01938889619 ; 01815444344', 'SHANDIP', 'DB', 'DB00091', 'BABOR STORE-SWANDIP CHITTAGONJ', '01816861499 ; 01863106685', 'BONDU MOHOL, NEW COMPLEX, WEST SIDE OF MANNAN MARKET, SANDWIP'),
(119, 'EAST', 'MOHAMMAD MASUD RANA', '01938889005', 'CTG_NORTH', 'KAZI MD. ARIFUR RAHMAN', '01938889016', 'BARAIYERHAT', 'AL HARUN', '01938889619 ; 01815444344', 'KHAGRACHARI', 'DB', 'DB00092', 'J.B.S. TRADERS-KHAGRACHARI', '01819359525 ; 01556987711', 'BAITUSH SARAF ROAD, ARAMBAG, KHAGRACHORI'),
(120, 'EAST', 'MOHAMMAD MASUD RANA', '01938889005', 'CTG_NORTH', 'KAZI MD. ARIFUR RAHMAN', '01938889016', 'BARAIYERHAT', 'AL HARUN', '01938889619 ; 01815444344', 'SITAKUNDO', 'DB', 'DB00093', 'MUSA ELECTRONIC-SITAKUNDO', '01628486699 ; 01822116688', 'WAHIDI COMPLEX, COLLEGE ROAD, SHITAKUNDO'),
(121, 'EAST', 'MOHAMMAD MASUD RANA', '01938889005', 'CTG_NORTH', 'KAZI MD. ARIFUR RAHMAN', '01938889016', 'BARAIYERHAT', 'AL HARUN', '01938889619 ; 01815444344', 'BARAIYERHAT', 'DB', 'DB00094', 'SHOHEL & BROTHERS-BARAIYER HAT', '01731747458 ; 01812747458', 'THREE STAR MAKET, SANTIR HAT ROAD, BARYAR HAT, MIRSHARAI,  CHITTAGONG'),
(122, 'EAST', 'MOHAMMAD MASUD RANA', '01938889005', 'CTG_NORTH', 'KAZI MD. ARIFUR RAHMAN', '01938889016', 'BARAIYERHAT', 'AL HARUN', '01938889619 ; 01815444344', 'KUMIRA', 'DB', 'DB00257', 'N S ENTERPRISE-KUMIRA,SITAKUNDO', ' 01995684141 ;  01812603890 ', 'CHOTO KUMIRA, COLLEGE ROADE, SHITAKUNDO'),
(123, 'EAST', 'MOHAMMAD MASUD RANA', '01938889005', 'CTG_NORTH', 'KAZI MD. ARIFUR RAHMAN', '01938889016', 'HATHAJARI', 'RIGUN MITRA', '01938889338', '', 'SDB', 'SDB08', 'REKHA ENTERPRISE-HATHAZARI CHITTAGONG (SD)', '01817264831 ; 01817264831', 'R.VILA ,KOLPONA COMUNITI CENTRE,CHODURYHAT, HATHAZARI,CTG'),
(124, 'EAST', 'MOHAMMAD MASUD RANA', '01938889005', 'CTG_NORTH', 'KAZI MD. ARIFUR RAHMAN', '01938889016', 'HATHAJARI', 'RIGUN MITRA', '01938889338', 'HATHAZARI', 'SUBA', 'SDB08-DB00095', 'J.S TRADING - HATHAJARI', '01819627697 ; 01819627697', 'S.N TOWER, DATARAM ROAD,CHODURY HAT, HATHAZARI,CHITTAGONG'),
(125, 'EAST', 'MOHAMMAD MASUD RANA', '01938889005', 'CTG_NORTH', 'KAZI MD. ARIFUR RAHMAN', '01938889016', 'HATHAJARI', 'RIGUN MITRA', '01938889338', 'FOTIKCHORI', 'SUBA', 'SDB08-DB00096', 'M.K STORE - FOTIKCHORI, CTG', '01819511444 ; 01817266741', '2NO GOLI, COSMETICS BAZAR, FOTIKCHORI, CHITTAGONG'),
(126, 'EAST', 'MOHAMMAD MASUD RANA', '01938889005', 'CTG_NORTH', 'KAZI MD. ARIFUR RAHMAN', '01938889016', 'HATHAJARI', 'RIGUN MITRA', '01938889338', 'RANGAMATI', 'SUBA', 'SDB08-DB00097', 'MAA MONI STORE-RANGAMATI', '01883824660 ; 01820300074', 'KATAPAHAR LAIN, BANARUPA, RANGAMATI'),
(127, 'EAST', 'MOHAMMAD MASUD RANA', '01938889005', 'CTG_NORTH', 'KAZI MD. ARIFUR RAHMAN', '01938889016', 'HATHAJARI', 'RIGUN MITRA', '01938889338', 'RAUJAN', 'SUBA', 'SDB08-DB00098', 'SHAPNO ENTERPRISE-RAUJAN,CHITTAGONG', '01823773896 ; 01823773896', 'ROBINDRA BHABON,RAUJAN, JOLIL NAGAR BUS STAND, CHITTAGONG'),
(128, 'EAST', 'MOHAMMAD MASUD RANA', '01938889005', 'CTG_NORTH', 'KAZI MD. ARIFUR RAHMAN', '01938889016', 'RIAJUDDIN BAZAR', 'NAYAN BARUA', '01938889332 ; 01816058838', 'CHAKTAI', 'DB', 'DB00105', 'BHAI BHAI STORE-ASADGONJ CHITTAGONJ', '01712155119 ; 01712155119', 'USMANIA LEN, ASADGONJ, CHAKTAI, CHITTAGONJ'),
(129, 'EAST', 'MOHAMMAD MASUD RANA', '01938889005', 'CTG_NORTH', 'KAZI MD. ARIFUR RAHMAN', '01938889016', 'RIAJUDDIN BAZAR', 'NAYAN BARUA', '01938889332 ; 01816058838', 'REAZUDDIN BAZAR', 'DB', 'DB00106', 'JINAN TRADING-REAZUDDIN BAZAR, CHITTAGONG', '01818199193 ; 01831142233', '111,JOLSHA MARKET, RIAZUDDIN BAZAR, CHITTAGONJ'),
(130, 'EAST', 'MOHAMMAD MASUD RANA', '01938889005', 'CTG_SOUTH', 'MAHBUBUR RAHMAN', '01938889037', 'AGRABAD', 'RASHU SIKDER', '01938889620', '', 'SDB', 'SDB10', 'HAZI AMIRUZZAMAN & SONS -KHATUNGONJ_AGRABAD_SD', '01817791187 ; 01782094749', 'KHATUNGONJ, CHITTAGONJ'),
(131, 'EAST', 'MOHAMMAD MASUD RANA', '01938889005', 'CTG_SOUTH', 'MAHBUBUR RAHMAN', '01938889037', 'AGRABAD', 'RASHU SIKDER', '01938889620', 'DOUBLE_MOORING', 'SUBA', 'SDB10-DB00107', 'A R TRADERS -DOUBLEMURING,CHITTAGONG', '01819973825 ; 01819973825', 'DOUBLEMURING,CHITTAGONG'),
(132, 'EAST', 'MOHAMMAD MASUD RANA', '01938889005', 'CTG_SOUTH', 'MAHBUBUR RAHMAN', '01938889037', 'AGRABAD', 'RASHU SIKDER', '01938889620', 'BANDAR', 'SUBA', 'SDB10-DB00108', 'ALAM TRADERS-DAKHIN HALISOHOR CTG', '01814364331', 'BONDOR, DAKHIN HALISOHOR, CTG'),
(133, 'EAST', 'MOHAMMAD MASUD RANA', '01938889005', 'CTG_SOUTH', 'MAHBUBUR RAHMAN', '01938889037', 'AGRABAD', 'RASHU SIKDER', '01938889620', 'AGRABAD', 'SUBA', 'SDB10-DB00109', 'TOPOR-NATUN MARKET,BONDOR,CHITTAGONJ', '01675891130 ; 01675891130', 'NEW PORT MARKET, BOROPOOL'),
(134, 'EAST', 'MOHAMMAD MASUD RANA', '01938889005', 'CTG_SOUTH', 'MAHBUBUR RAHMAN', '01938889037', 'CHOKORIA', 'VACANT', '01938889349', '', 'CD', 'CD012', 'SAZZAD DISTRIBUTION-COXS BAZAR_CD', '01711962774 ; 01854985460', 'BAZAR GHATA, COX\'S BAZAR'),
(135, 'EAST', 'MOHAMMAD MASUD RANA', '01938889005', 'CTG_SOUTH', 'MAHBUBUR RAHMAN', '01938889037', 'CHOKORIA', 'VACANT', '01938889349', 'TEKNAF', 'SUBB', 'CD012-DB00110', 'ALAM ENTERPRISE- TEKNAF, COXBAZAR', '01618918155 ; 01818918183', 'UPORER BAZAR,TEKNAF, COX\'S BAZAR'),
(136, 'EAST', 'MOHAMMAD MASUD RANA', '01938889005', 'CTG_SOUTH', 'MAHBUBUR RAHMAN', '01938889037', 'CHOKORIA', 'VACANT', '01938889349', 'UKHIYA', 'SUBB', 'CD012-DB00111', 'ALIF STORE-MARICHA ( UKHIYA, COXBAZAR)', '01875301329 ; 01703420207', 'MORICHA, UKHYA, COX\'S BAZAR'),
(137, 'EAST', 'MOHAMMAD MASUD RANA', '01938889005', 'CTG_SOUTH', 'MAHBUBUR RAHMAN', '01938889037', 'CHOKORIA', 'VACANT', '01938889349', 'CHAKARIA', 'SUBB', 'CD012-DB00112', 'BANIJJO BITAN - CHAKARIA', '01819857050 ; 01819857050', 'CHOKORIA, COX\'S BAZAR'),
(138, 'EAST', 'MOHAMMAD MASUD RANA', '01938889005', 'CTG_SOUTH', 'MAHBUBUR RAHMAN', '01938889037', 'CHOKORIA', 'VACANT', '01938889349', 'MOHASKHALI', 'SUBB', 'CD012-DB00113', 'BODIUL ALAM & BROTHERS - MOHASKHALI,CO\'SBAZAR', '01836231515 ; 01836231515', 'GOUROK GHATA, MOHESKHALI, COX\'S BAZAR'),
(139, 'EAST', 'MOHAMMAD MASUD RANA', '01938889005', 'CTG_SOUTH', 'MAHBUBUR RAHMAN', '01938889037', 'CHOKORIA', 'VACANT', '01938889349', 'COXSBAZAR', 'DB', 'DB00114', 'SAZZAD DISTRIBUTION , COXSBAZAR', '01711962774 ; 01854985460', 'BAZAR GHATA, COX\'S BAZAR'),
(140, 'EAST', 'MOHAMMAD MASUD RANA', '01938889005', 'CTG_SOUTH', 'MAHBUBUR RAHMAN', '01938889037', 'POTIYA', 'MD.ALI AKBOR', '01938889621 ; 01811624575', 'KUTUBDIA', 'DB', 'DB00119', 'TAMIM ENTERPRISE-KUTUBDIA', '01625834243 ; 01725426243', 'DHURUNG BAZAR, KUTUBDIA, COX\'S BAZAR'),
(141, 'EAST', 'MOHAMMAD MASUD RANA', '01938889005', 'CTG_SOUTH', 'MAHBUBUR RAHMAN', '01938889037', 'POTIYA', 'MD.ALI AKBOR', '01938889621 ; 01811624575', '', 'SDB', 'SDB11', 'HAZI NURUL ISLAM & SONS-KERANIHAT (SD)', '01848063480 ; 1848063480', 'KERANIHAT, SHATKANIA, CTG'),
(142, 'EAST', 'MOHAMMAD MASUD RANA', '01938889005', 'CTG_SOUTH', 'MAHBUBUR RAHMAN', '01938889037', 'POTIYA', 'MD.ALI AKBOR', '01938889621 ; 01811624575', 'BAISKHALI', 'SUBA', 'SDB11-DB00115', 'BISMILLAH STORE - BAISKHALI, CTG', '01848063480 ; 01721773128', 'CHAMBOL BAZAR, BASHKHALI, CTG'),
(143, 'EAST', 'MOHAMMAD MASUD RANA', '01938889005', 'CTG_SOUTH', 'MAHBUBUR RAHMAN', '01938889037', 'POTIYA', 'MD.ALI AKBOR', '01938889621 ; 01811624575', 'ANOWARA', 'SUBA', 'SDB11-DB00116', 'ELIAS ENTERPRISE ,FOKIRNIR HAT ,ANOWARA', '01879612584', 'FOKIRNIRHAT, KORNOFULI, CTG'),
(144, 'EAST', 'MOHAMMAD MASUD RANA', '01938889005', 'CTG_SOUTH', 'MAHBUBUR RAHMAN', '01938889037', 'POTIYA', 'MD.ALI AKBOR', '01938889621 ; 01811624575', 'KERANIRHAT', 'SUBA', 'SDB11-DB00117', 'HARUN & BROTHERS - KERANIRHAT,CTG', '01848063480 ; 01721773128', 'KERANI HAT -SATKANIA-CHATTOGRAM'),
(145, 'EAST', 'MOHAMMAD MASUD RANA', '01938889005', 'CTG_SOUTH', 'MAHBUBUR RAHMAN', '01938889037', 'POTIYA', 'MD.ALI AKBOR', '01938889621 ; 01811624575', 'PATIA', 'SUBA', 'SDB11-DB00118', 'J K ENTERPRISE- PATIA, CHITTAGONG', '01815522394 ; 01843351313', 'BOILTOLI, BUS STAND,POTYA, CTG'),
(146, 'EAST', 'MOHAMMAD MASUD RANA', '01938889005', 'NOAKHALI', 'MD. ABDUL MALEK SARKAR', '01938889019', 'FENI ', 'MD.SHORAB HOSSAIN', '01938889324 ; 01816023001', '', 'CD', 'CD013', 'GRAMEEN ENTERPRISE-FENI_CD', '01727156908 ; 01977156908', 'APON NIBAS,JOHIRIA MOSJID GOLI,SSK ROAD, FENI'),
(147, 'EAST', 'MOHAMMAD MASUD RANA', '01938889005', 'NOAKHALI', 'MD. ABDUL MALEK SARKAR', '01938889019', 'FENI ', 'MD.SHORAB HOSSAIN', '01938889324 ; 01816023001', 'CHAGALNAIYA', 'SUBB', 'CD013-DB00120', 'ANISHA TRADING - CHAGALNAIYA (FENI)', '01922246674 ; 01874655610', 'RAZIA MANSON,COLLEGE ROAD, CHAGOLNAIYA, FENI'),
(148, 'EAST', 'MOHAMMAD MASUD RANA', '01938889005', 'NOAKHALI', 'MD. ABDUL MALEK SARKAR', '01938889019', 'FENI ', 'MD.SHORAB HOSSAIN', '01938889324 ; 01816023001', 'CHOUDDAGRAM', 'SUBB', 'CD013-DB00121', 'BISMILLAH TRADERS - CHOUDDAGRAM ( COMILLA )', '01819691884 ; 01822962922', 'SCHOOL ROAD,BATISA BAZER, CHOUDDAGRAM, COMILLA'),
(149, 'EAST', 'MOHAMMAD MASUD RANA', '01938889005', 'NOAKHALI', 'MD. ABDUL MALEK SARKAR', '01938889019', 'FENI ', 'MD.SHORAB HOSSAIN', '01938889324 ; 01816023001', 'SONAGAZI', 'SUBB', 'CD013-DB00123', 'NOOR JAHAN ENTERPRISE-SONAGAZI, FENI', '01931005880 ; 01912072832', 'MAA MONJIL,UPOZELLA ROAD, SONAGAZI, FENI'),
(150, 'EAST', 'MOHAMMAD MASUD RANA', '01938889005', 'NOAKHALI', 'MD. ABDUL MALEK SARKAR', '01938889019', 'FENI ', 'MD.SHORAB HOSSAIN', '01938889324 ; 01816023001', 'FENI', 'DB', 'DB00122', 'GRAMEEN ENTERPRISE- FENI', '01727156908 ; 01977156908', 'APON NIBAS,JOHIRIA MOSJID GOLI,SSK ROAD, FENI'),
(151, 'EAST', 'MOHAMMAD MASUD RANA', '01938889005', 'NOAKHALI', 'MD. ABDUL MALEK SARKAR', '01938889019', 'LAXMIPUR', 'JUDISHTIR CHANDRA DEBNATH', '01938889523 ; 01746343323', '', 'CD', 'CD014', 'MODEL TRADERS- CHANDRAGONG, LAKSHMIPUR_CD', '01819362114 ; 01701758707', 'BAZAR ROAD, CHANDRAGONJ, LAKSHMIPUR, NOAKHALI'),
(152, 'EAST', 'MOHAMMAD MASUD RANA', '01938889005', 'NOAKHALI', 'MD. ABDUL MALEK SARKAR', '01938889019', 'LAXMIPUR', 'JUDISHTIR CHANDRA DEBNATH', '01938889523 ; 01746343323', 'RAIPUR', 'SUBB', 'CD014-DB00124', 'FAHIM ENTERPRISE - RAIPUR,LAXMIPUR', '01740998003 ; 01710982458', 'MISTRI BARI,DAK BANGLA ROAD, RAYPUR, LAXMIPUR, NOAKHALI'),
(153, 'EAST', 'MOHAMMAD MASUD RANA', '01938889005', 'NOAKHALI', 'MD. ABDUL MALEK SARKAR', '01938889019', 'LAXMIPUR', 'JUDISHTIR CHANDRA DEBNATH', '01938889523 ; 01746343323', 'RAMGONJ', 'SUBB', 'CD014-DB00126', 'J.S ENTERPRISE - RMGONJ,LAXMIPUR', '01757661642 ; 01630599777', 'HOLUD POTTI,SONAPUR BAZAR ,RAMGON, LAXMIPUR'),
(154, 'EAST', 'MOHAMMAD MASUD RANA', '01938889005', 'NOAKHALI', 'MD. ABDUL MALEK SARKAR', '01938889019', 'LAXMIPUR', 'JUDISHTIR CHANDRA DEBNATH', '01938889523 ; 01746343323', 'LAXMIPUR', 'SUBB', 'CD014-DB00128', 'MOUNA ENTERPRISE- LAKSHMIPUR', '01711959751 ; 01743933393', 'THANA ROAD, LAKSHMIPUR, NOAKHALI'),
(155, 'EAST', 'MOHAMMAD MASUD RANA', '01938889005', 'NOAKHALI', 'MD. ABDUL MALEK SARKAR', '01938889019', 'LAXMIPUR', 'JUDISHTIR CHANDRA DEBNATH', '01938889523 ; 01746343323', 'RAMGATI', 'SUBB', 'CD014-DB00129', 'SHAKIL STORE-ALEXANDAR,RAMGATI', '01824065596 ; 01811013369', 'ADALOT,ALEXANDAR,RAMGATI, LUXMIPUR, NOAKHALI'),
(156, 'EAST', 'MOHAMMAD MASUD RANA', '01938889005', 'NOAKHALI', 'MD. ABDUL MALEK SARKAR', '01938889019', 'LAXMIPUR', 'JUDISHTIR CHANDRA DEBNATH', '01938889523 ; 01746343323', 'HATIYA', 'DB', 'DB00125', 'HAZI MOSTOFA ENTERPRISE- HATIYA', '01717950082 ; 01949981909', 'OCHKHALI PURATON BAZAR, HATIYA, NOAKHALI'),
(157, 'EAST', 'MOHAMMAD MASUD RANA', '01938889005', 'NOAKHALI', 'MD. ABDUL MALEK SARKAR', '01938889019', 'LAXMIPUR', 'JUDISHTIR CHANDRA DEBNATH', '01938889523 ; 01746343323', 'CHANDRAGONG', 'DB', 'DB00127', 'MODEL TRADERS- CHANDRAGONG, LAKSHMIPUR', '01819362114 ; 01701758707', 'BAZAR ROAD, CHANDRAGONJ, LAKSHMIPUR, NOAKHALI'),
(158, 'EAST', 'MOHAMMAD MASUD RANA', '01938889005', 'NOAKHALI', 'MD. ABDUL MALEK SARKAR', '01938889019', 'NOAKHALI ', 'MD.ABDUL MOTIN', '01938889314 ; 01640294225', '', 'CD', 'CD015', 'SIPON STORE -CHOWMONOHI_CD', '01815465128 ; 01874878060', 'SOMOBAI SUPER MARKET,KORIMPUR ROAD, CHOWMUHANI,NOAKHALI'),
(159, 'EAST', 'MOHAMMAD MASUD RANA', '01938889005', 'NOAKHALI', 'MD. ABDUL MALEK SARKAR', '01938889019', 'NOAKHALI ', 'MD.ABDUL MOTIN', '01938889314 ; 01640294225', 'BOSURHAT', 'SUBB', 'CD015-DB00130', 'RIAD COSMETICS-BOSURHAT,NOAKHALI', '01873797575 ; 01874665198', 'JAHANARA SUPER MARKET, MAIN ROAD, BASURHAT,NOAKHALI'),
(160, 'EAST', 'MOHAMMAD MASUD RANA', '01938889005', 'NOAKHALI', 'MD. ABDUL MALEK SARKAR', '01938889019', 'NOAKHALI ', 'MD.ABDUL MOTIN', '01938889314 ; 01640294225', 'SUBORNOCHOR', 'SUBB', 'CD015-DB00131', 'S. R ENTERPRISE-KABIR HAT,NOAKHALI', '01811253262 ; 01991232304', 'CIRINGGA BAZAR,NOBOGRAM , KOBIRHAT, NOAKHALI'),
(161, 'EAST', 'MOHAMMAD MASUD RANA', '01938889005', 'NOAKHALI', 'MD. ABDUL MALEK SARKAR', '01938889019', 'NOAKHALI ', 'MD.ABDUL MOTIN', '01938889314 ; 01640294225', 'DHAGONBHUIYAN', 'SUBB', 'CD015-DB00132', 'SAIFUL TRADERS-DHAGANBUIYAN,FENI', '01856037279 ; 01830961114', 'HIRON SHOPPING CENTER,DHAGONBHUIYAN, FENI'),
(162, 'EAST', 'MOHAMMAD MASUD RANA', '01938889005', 'NOAKHALI', 'MD. ABDUL MALEK SARKAR', '01938889019', 'NOAKHALI ', 'MD.ABDUL MOTIN', '01938889314 ; 01640294225', 'MAIZDI', 'SUBB', 'CD015-DB00133', 'SAJU VERIETIES STORE-MAIZDI SADAR', '01717031710 ; 01822012938', 'POST OFFICE ROAD, MAIJDEE, NOAKHALI'),
(163, 'EAST', 'MOHAMMAD MASUD RANA', '01938889005', 'NOAKHALI', 'MD. ABDUL MALEK SARKAR', '01938889019', 'NOAKHALI ', 'MD.ABDUL MOTIN', '01938889314 ; 01640294225', 'SENBAG', 'SUBB', 'CD015-DB00135', 'TANHA COSMETICS-SENBAG NOAKHALI', '01818553581 ; 01837025360', 'GAIRHAT BAZAR,SENBAG, NOAKHALI'),
(164, 'EAST', 'MOHAMMAD MASUD RANA', '01938889005', 'NOAKHALI', 'MD. ABDUL MALEK SARKAR', '01938889019', 'NOAKHALI ', 'MD.ABDUL MOTIN', '01938889314 ; 01640294225', 'CHOMOHONI', 'DB', 'DB00134', 'SIPON STORE-CHOMOHONI', '01815465128 ; 01874878060', 'SOMOBAI SUPER MARKET,KORIMPUR ROAD, CHOWMUHANI,NOAKHALI'),
(165, 'EAST', 'MOHAMMAD MASUD RANA', '01938889005', 'SYLHET', 'KASAMUDDIN AKASH', '01938889018', 'SOUTH SURMA', 'KAMRUL ISLAM', '01938889500', '', 'SDB', 'SDB12', 'M SAMSIA ENTERPRISE -GUALA BAZAR, SYLHET _SD', '01703159505 ; 01763878111', 'KORONSHI ROAD, GUALA BAZAR, OSMANI NAGOR, SYLHET'),
(166, 'EAST', 'MOHAMMAD MASUD RANA', '01938889005', 'SYLHET', 'KASAMUDDIN AKASH', '01938889018', 'SOUTH SURMA', 'KAMRUL ISLAM', '01938889500', 'KANAIGHAT', 'SUBA', 'SDB12-DB00136', 'FARIA ENTERPRISE-KANAIGHAT', '01703054725 ; 01711973610', 'UTTAR BAZAR, KANAIGHAT, SYLHET'),
(167, 'EAST', 'MOHAMMAD MASUD RANA', '01938889005', 'SYLHET', 'KASAMUDDIN AKASH', '01938889018', 'SOUTH SURMA', 'KAMRUL ISLAM', '01938889500', 'BISHANATPUR', 'SUBA', 'SDB12-DB00137', 'KAWSER & BROTHERS-BISHANATPUR,SYLHET', '01731667364 ; 01746873230', 'PURATON BAZAR, BISWANATH, SYLHET'),
(168, 'EAST', 'MOHAMMAD MASUD RANA', '01938889005', 'SYLHET', 'KASAMUDDIN AKASH', '01938889018', 'SOUTH SURMA', 'KAMRUL ISLAM', '01938889500', 'BEANIBAZAR', 'SUBA', 'SDB12-DB00138', 'LATIF & BROTHERS-BEANIBAZAR, SYLHET.', '01744892676 ; 01725483333', 'MUFASSIR MARKET, BEANI BAZAR, SYLHET'),
(169, 'EAST', 'MOHAMMAD MASUD RANA', '01938889005', 'SYLHET', 'KASAMUDDIN AKASH', '01938889018', 'SOUTH SURMA', 'KAMRUL ISLAM', '01938889500', 'ENAYETGONJ', 'SUBA', 'SDB12-DB00139', 'MINTU STORE -ENAYETGONJ', '01717189599 ; 01792554119', 'ENATGONJ BAZAR, NABIGONJ, HOBIGONJ, SYLHET');
INSERT INTO `distributors` (`id`, `rsm_area`, `rsm_name`, `rsm_phone_number`, `asm_area`, `asm_name`, `asm_phone_number`, `tso_area`, `tso_name`, `tso_phone_number`, `dbareaname`, `category_name`, `code`, `name`, `mobile`, `address`) VALUES
(170, 'EAST', 'MOHAMMAD MASUD RANA', '01938889005', 'SYLHET', 'KASAMUDDIN AKASH', '01938889018', 'SREEMONGAL', 'MD.MOMIN', '01938889570 ; 01714913294', '', 'CD', 'CD016', 'AARIYA ENTERPRISE-HOBIGONJ_CD', '01711589939 ; 01726307796', 'KHAZA SHOPPING CITY, HOBIGONJ, SYLHET'),
(171, 'EAST', 'MOHAMMAD MASUD RANA', '01938889005', 'SYLHET', 'KASAMUDDIN AKASH', '01938889018', 'SREEMONGAL', 'MD.MOMIN', '01938889570 ; 01714913294', 'SREEMONGAL', 'SUBB', 'CD016-DB00141', 'BISMILLA ENTERPRISE-SREEMONGAL', '01711447229 ; 01765343899', 'UKILL BARI ROUT SREEMANGAL'),
(172, 'EAST', 'MOHAMMAD MASUD RANA', '01938889005', 'SYLHET', 'KASAMUDDIN AKASH', '01938889018', 'SREEMONGAL', 'MD.MOMIN', '01938889570 ; 01714913294', 'KULAURA', 'SUBB', 'CD016-DB00142', 'IQRA ENTERPRISE-KULAURA,SYLHET', '01716498010 ; 01927377239', 'DAXIN BAZAR, BHUMI OFFICE ROAD, KULAURA, SYLHET'),
(173, 'EAST', 'MOHAMMAD MASUD RANA', '01938889005', 'SYLHET', 'KASAMUDDIN AKASH', '01938889018', 'SREEMONGAL', 'MD.MOMIN', '01938889570 ; 01714913294', 'MIRPUR-HOBIGONG', 'SUBB', 'CD016-DB00143', 'J.S. DISTRIBUTION-SRIMANGOL,MIRPUR', '01719373394 ; 01726240270', 'SREEMONGOL ROAD, MIRPUR BAZAR, SYLHET'),
(174, 'EAST', 'MOHAMMAD MASUD RANA', '01938889005', 'SYLHET', 'KASAMUDDIN AKASH', '01938889018', 'SREEMONGAL', 'MD.MOMIN', '01938889570 ; 01714913294', 'MOLOBIBAZAR', 'SUBB', 'CD016-DB00144', 'NISHAT ENTERPRISE- MOLOBIBAZAR', '01716136413 ; 01715356943', 'JULIA SHPPING CENTER, CENTRAL ROAD, MOLVIBAZAR'),
(175, 'EAST', 'MOHAMMAD MASUD RANA', '01938889005', 'SYLHET', 'KASAMUDDIN AKASH', '01938889018', 'SREEMONGAL', 'MD.MOMIN', '01938889570 ; 01714913294', 'HOBIGONG', 'DB', 'DB00140', 'AARIYA ENTERPRISE-HOBIGONG', '01711589939 ; 01726307796', 'KHAZA SHOPPING CITY, HOBIGONJ, SYLHET'),
(176, 'EAST', 'MOHAMMAD MASUD RANA', '01938889005', 'SYLHET', 'KASAMUDDIN AKASH', '01938889018', 'SYLHET', 'ABDULLAH AL MOMEN', '01938889614', '', 'CD', 'CD017', 'ROY TRADERS-SYLHET METRO_CD', '01711970657 ; 01716468455', 'HOUSE #04 (1ST FLOOR) BILL PAR, LAMA BAZAR POINT, SYLHET METRO SYLHET'),
(177, 'EAST', 'MOHAMMAD MASUD RANA', '01938889005', 'SYLHET', 'KASAMUDDIN AKASH', '01938889018', 'SYLHET', 'ABDULLAH AL MOMEN', '01938889614', 'COMPANYGONJ-SYLHET', 'SUBB', 'CD017-DB00145', 'ALIVIA STORE-COMPANIGONJ', '01929781184 ; 01997999752', 'TUKER BAZAR, COMPANIGONJ'),
(178, 'EAST', 'MOHAMMAD MASUD RANA', '01938889005', 'SYLHET', 'KASAMUDDIN AKASH', '01938889018', 'SYLHET', 'ABDULLAH AL MOMEN', '01938889614', 'DERAI', 'SUBB', 'CD017-DB00146', 'EMON ENTERPRISE - DERAI', '01731250132 ; 01931322166', 'THANA ROAD, DERAI, SUNAMGONJ'),
(179, 'EAST', 'MOHAMMAD MASUD RANA', '01938889005', 'SYLHET', 'KASAMUDDIN AKASH', '01938889018', 'SYLHET', 'ABDULLAH AL MOMEN', '01938889614', 'CHATOK', 'SUBB', 'CD017-DB00147', 'FAHIDA TRADERS-CHATOK, SYLHET', '01711979542 ; 01745512405', 'PACCHIM BAZAR, CHAATOK, SYLHET'),
(180, 'EAST', 'MOHAMMAD MASUD RANA', '01938889005', 'SYLHET', 'KASAMUDDIN AKASH', '01938889018', 'SYLHET', 'ABDULLAH AL MOMEN', '01938889614', 'DHAKA DOKSHIN', 'SUBB', 'CD017-DB00148', 'LIZA TRADERS - DHAKA DOKSHIN,SYLHET', '01317390938 ; 01710212257', 'GULAPGONJ BAZAR, GULAPGONJ, SYLHET'),
(181, 'EAST', 'MOHAMMAD MASUD RANA', '01938889005', 'SYLHET', 'KASAMUDDIN AKASH', '01938889018', 'SYLHET', 'ABDULLAH AL MOMEN', '01938889614', 'SOUTH SURMA', 'SUBB', 'CD017-DB00149', 'OMIO ENTERPRISE- LALDIGIRPAR', '01616148091 ; 01726148091', 'NEW MARKET LALDIGIR PAR, SYLHET'),
(182, 'EAST', 'MOHAMMAD MASUD RANA', '01938889005', 'SYLHET', 'KASAMUDDIN AKASH', '01938889018', 'SYLHET', 'ABDULLAH AL MOMEN', '01938889614', 'SUNAMGONJ', 'SUBB', 'CD017-DB00151', 'TALUKDER ENTERPRSIE-SUNAMGONJ.', '01772933486 ; 01919933486', 'PRIANGON MARKET, SUNAMGONJ, SYLHET'),
(183, 'EAST', 'MOHAMMAD MASUD RANA', '01938889005', 'SYLHET', 'KASAMUDDIN AKASH', '01938889018', 'SYLHET', 'ABDULLAH AL MOMEN', '01938889614', 'SYLHET METRO', 'DB', 'DB00150', 'AL AMIN STORE-SHIBGONJ ,SYLHET', '01720999702 ; 01925086094', 'KHARADIPARA, SHIBGONJ SYLHET'),
(184, 'NORTH', 'BELLAL UDDIN MAHMUD', '01401184253', 'BOGRA', 'MD. ENAMUL HAQUE', '01938889014', 'BOGURA', 'SAMIM PARVEJ', '01938889615', '', 'CD', 'CD018', 'RAJIB TRADERS-BOGURA (CD)', '01740582059 ; 01715181116', 'UTTAR CHELOPARA,ASROM ROAD,BOGURA SADOR,BOGURA'),
(185, 'NORTH', 'BELLAL UDDIN MAHMUD', '01401184253', 'BOGRA', 'MD. ENAMUL HAQUE', '01938889014', 'BOGURA', 'SAMIM PARVEJ', '01938889615', 'SHIBGANJ', 'SUBB', 'CD018-DB00152', 'BHAI BHAI TRADERS SHIBGONJ BOGURA', '01752487949 ; 01750334959', 'SHIBGONJ BAZAR, SHIBGONJ'),
(186, 'NORTH', 'BELLAL UDDIN MAHMUD', '01401184253', 'BOGRA', 'MD. ENAMUL HAQUE', '01938889014', 'BOGURA', 'SAMIM PARVEJ', '01938889615', 'SHERPUR ( BOG )', 'SUBB', 'CD018-DB00153', 'M/S POROMA COSMETICS,SHERPUR', '01748581275 ; 01923535135', 'HAAT SHED MARKET,DHUNOT,SHERPUR'),
(187, 'NORTH', 'BELLAL UDDIN MAHMUD', '01401184253', 'BOGRA', 'MD. ENAMUL HAQUE', '01938889014', 'BOGURA', 'SAMIM PARVEJ', '01938889615', 'GABTOLI', 'SUBB', 'CD018-DB00154', 'ISMAHI TRADERS-GABTOLI,BOGURA', '01711578494 ; 01716004282', 'GABTOLI SADOR, GABTOLI'),
(188, 'NORTH', 'BELLAL UDDIN MAHMUD', '01401184253', 'BOGRA', 'MD. ENAMUL HAQUE', '01938889014', 'BOGURA', 'SAMIM PARVEJ', '01938889615', '', 'CD', 'CD020', 'BHAI BHAI ENTERPRISE-DABPOTTI,NAOGAON_CD', '01759-249090 ; 01777-668620', 'DABPOTTI,NAOGONA'),
(189, 'NORTH', 'BELLAL UDDIN MAHMUD', '01401184253', 'BOGRA', 'MD. ENAMUL HAQUE', '01938889014', 'BOGURA', 'SAMIM PARVEJ', '01938889615', 'DUPCHACIA', 'SUBB', 'CD020-DB00162', 'ABZAL STORE -DUPCHACHIA,BOGRA', '01740-803642 ; 1716-029152', 'THANA BUS STAND, DUPCHACIA'),
(190, 'NORTH', 'BELLAL UDDIN MAHMUD', '01401184253', 'BOGRA', 'MD. ENAMUL HAQUE', '01938889014', 'BOGURA', 'SAMIM PARVEJ', '01938889615', 'BOGURA', 'DB', 'DB00155', 'RAJIB TRADERS-BOGURA', '01740582059 ; 01715181116', 'UTTAR CHELOPARA,ASROM ROAD,BOGURA SADOR,BOGURA'),
(191, 'NORTH', 'BELLAL UDDIN MAHMUD', '01401184253', 'BOGRA', 'MD. ENAMUL HAQUE', '01938889014', 'GAIBANDHA', 'MD AHASAN HABIB', '01938889539 ; 01781308989', '', 'CD', 'CD019', 'TALUKDER TRADERS-GAIBANDA_CD', '01712-556676 ; 01719-407027', 'MUNSHIPARA,SHOHIDMINAR ROAD,GAIBANDHA'),
(192, 'NORTH', 'BELLAL UDDIN MAHMUD', '01401184253', 'BOGRA', 'MD. ENAMUL HAQUE', '01938889014', 'GAIBANDHA', 'MD AHASAN HABIB', '01938889539 ; 01781308989', 'GOBINDAGANJ', 'SUBB', 'CD019-DB00156', 'BEAUTY TRADERS-GOBINDOGONJ', '01712-285557 ; 1767-502412', 'KOLPONA SUPER MARKEET, GOBINDOGONJ'),
(193, 'NORTH', 'BELLAL UDDIN MAHMUD', '01401184253', 'BOGRA', 'MD. ENAMUL HAQUE', '01938889014', 'GAIBANDHA', 'MD AHASAN HABIB', '01938889539 ; 01781308989', 'PIRGANJ,RANGPUR', 'SUBB', 'CD019-DB00157', 'BEST ONE COSMETICS-MOTHERGANJ,PIRGONJ,RANGPUR', '01740-638641 ; 1761-845827', 'JANONI SUPER MARKET,MADARGONJ,PIRGONJ'),
(194, 'NORTH', 'BELLAL UDDIN MAHMUD', '01401184253', 'BOGRA', 'MD. ENAMUL HAQUE', '01938889014', 'GAIBANDHA', 'MD AHASAN HABIB', '01938889539 ; 01781308989', 'FULSORI', 'SUBB', 'CD019-DB00158', 'M/S ZINNAH & BROTHERS-1, GAIBANDHA', '01712556676 ; 01940720172', 'MUNSHI PARA,SHOHIDMINAR ROAD,GAIBANDHA'),
(195, 'NORTH', 'BELLAL UDDIN MAHMUD', '01401184253', 'BOGRA', 'MD. ENAMUL HAQUE', '01938889014', 'GAIBANDHA', 'MD AHASAN HABIB', '01938889539 ; 01781308989', 'SHAHTIBARI', 'SUBB', 'CD019-DB00159', 'PRITHI ENTERPRISE-SATHIBARI, RANGPUR', '01724-674729 ; 01713869958', 'WALTON BHABON,KACHARI MOSJID,SATHIBARI'),
(196, 'NORTH', 'BELLAL UDDIN MAHMUD', '01401184253', 'BOGRA', 'MD. ENAMUL HAQUE', '01938889014', 'GAIBANDHA', 'MD AHASAN HABIB', '01938889539 ; 01781308989', 'BIRAMPUR', 'DB', 'DB00160', 'SHABUJ TRADERS-BIRAMPUR', '01712-592525 ; 1712-592525', 'HAZI MARKET,BIRAMPUR'),
(197, 'NORTH', 'BELLAL UDDIN MAHMUD', '01401184253', 'BOGRA', 'MD. ENAMUL HAQUE', '01938889014', 'GAIBANDHA', 'MD AHASAN HABIB', '01938889539 ; 01781308989', 'GAIBANDA', 'DB', 'DB00161', 'TALUKDER TRADERS-GAIBANDA', '01712-556676 ; 1719-407027', 'MUNSHIPARA,SHOHIDMINAR ROAD,GAIBANDHA'),
(198, 'NORTH', 'BELLAL UDDIN MAHMUD', '01401184253', 'BOGRA', 'MD. ENAMUL HAQUE', '01938889014', 'NAOGAON', 'NARAYAN CHANDRA MAHANTA', '01938889458 ; 01728351220', 'NAZIPUR', 'SUBB', 'CD020-DB00163', 'BABA MAA TRADERS-NAZIPUR,POTNITOLA,NAOGAON', '01715-210180 ; 1721-798929', 'NAZIPUR POTNITOLA,NAOGAON'),
(199, 'NORTH', 'BELLAL UDDIN MAHMUD', '01401184253', 'BOGRA', 'MD. ENAMUL HAQUE', '01938889014', 'NAOGAON', 'NARAYAN CHANDRA MAHANTA', '01938889458 ; 01728351220', 'JOYPURHAT', 'SUBB', 'CD020-DB00165', 'HAQUE BIPONI - JOYPURHART', '01712-204687 ; 1974-204687', 'BISWASH PARA,BOT TOLA,JOYPURHAR'),
(200, 'NORTH', 'BELLAL UDDIN MAHMUD', '01401184253', 'BOGRA', 'MD. ENAMUL HAQUE', '01938889014', 'NAOGAON', 'NARAYAN CHANDRA MAHANTA', '01938889458 ; 01728351220', 'MANDA', 'SUBB', 'CD020-DB00166', 'MAA COSMETICS- MANDA', '01724-983783 ; 1914-148286', 'DELUA BARI,MANDA'),
(201, 'NORTH', 'BELLAL UDDIN MAHMUD', '01401184253', 'BOGRA', 'MD. ENAMUL HAQUE', '01938889014', 'NAOGAON', 'NARAYAN CHANDRA MAHANTA', '01938889458 ; 01728351220', 'NAOGAON', 'DB', 'DB00164', 'BHAI BHAI ENTERPRISE- DABPOTTI,NAOGONA', '01759-249090 ; 1777-668620', 'DABPOTTI,NAOGONA'),
(202, 'NORTH', 'BELLAL UDDIN MAHMUD', '01401184253', 'BOGRA', 'MD. ENAMUL HAQUE', '01938889014', 'SIRAJGANJ', 'MD. NAZRUL ISLAM', '01938889616', 'BELKUCHI', 'DB', 'DB00167', 'ALIM TRADING-BELKUCI,SIRAJGONJ', '01773505678 ; 01717197506', 'MOKONDAGATI BAZAR,BELKUCHI,SIRAJGANJ'),
(203, 'NORTH', 'BELLAL UDDIN MAHMUD', '01401184253', 'BOGRA', 'MD. ENAMUL HAQUE', '01938889014', 'SIRAJGANJ', 'MD. NAZRUL ISLAM', '01938889616', 'CHANDAIKONA', 'DB', 'DB00168', 'ARAFAT & ARMAN ENTERPRISE-RAIGONJ SIRAJGONJ', '01729681095 ; 01930597044', 'GORKA BAZAR,SALANGA,RAIGANJ,SIRAJGANJ'),
(204, 'NORTH', 'BELLAL UDDIN MAHMUD', '01401184253', 'BOGRA', 'MD. ENAMUL HAQUE', '01938889014', 'SIRAJGANJ', 'MD. NAZRUL ISLAM', '01938889616', 'ULLAHPARA', 'DB', 'DB00169', 'EVA ENTERPRISE ULLAPARA SIRAJGONJ', '01713528084 ; 01717257092', 'PATBANDAR,ZIKIRA,ULLAPARA,SIRAJGANJ'),
(205, 'NORTH', 'BELLAL UDDIN MAHMUD', '01401184253', 'BOGRA', 'MD. ENAMUL HAQUE', '01938889014', 'SIRAJGANJ', 'MD. NAZRUL ISLAM', '01938889616', 'SHAHJADPUR', 'DB', 'DB00170', 'MONOWARA TRADERS - SHAHAJADPUR', '01711483683 ; 01746518825', 'THANAGAT,SHAZADPUR,SIRAJGANJ'),
(206, 'NORTH', 'BELLAL UDDIN MAHMUD', '01401184253', 'RAJSHAHI', 'RAJIB PAUL', '01938889017', 'KUSHTIA', 'VACANT', '', 'MEHERPUR', 'SUBB', 'CD021-DB00177', 'SHOHEL TRADERS - MEHERPUR', '01915-952526 ; 01951-275800', 'COURT ROAD,STUDIUM MOR,MEHERPUR'),
(207, 'NORTH', 'BELLAL UDDIN MAHMUD', '01401184253', 'RAJSHAHI', 'RAJIB PAUL', '01938889017', 'KUSHTIA', 'VACANT', '', 'JHENAIDAH', 'DB', 'DB00172', 'A.R TRADERS - JHENAIDAH', '01712-624462 ; 01991-663155', 'OLD AGRANI BANK MARKET,JHENAIDAH'),
(208, 'NORTH', 'BELLAL UDDIN MAHMUD', '01401184253', 'RAJSHAHI', 'RAJIB PAUL', '01938889017', 'KUSHTIA', 'VACANT', '', 'KUSTIA', 'DB', 'DB00174', 'JOYDEV PAUL & SONS-BOROBAZAR,KUSTIA', '01711-140106 ; 01712-282927', 'BORO BAZAR,KUSTIA'),
(209, 'NORTH', 'BELLAL UDDIN MAHMUD', '01401184253', 'RAJSHAHI', 'RAJIB PAUL', '01938889017', 'KUSHTIA', 'VACANT', '', '', 'SDB', 'SDB13', 'ALAUDDIN TRADING CORPORATION-CHUADANGA (SD)', '01914719564 ; 01746719564', 'APP SUPER MARKET,RAIL BAZAR,CHUADANGA'),
(210, 'NORTH', 'BELLAL UDDIN MAHMUD', '01401184253', 'RAJSHAHI', 'RAJIB PAUL', '01938889017', 'KUSHTIA', 'VACANT', '', 'CHUYADANGA', 'SUBA', 'SDB13-DB00173', 'ALAUDDIN TRADING -CHUYADANGA', '01914-719564 ; 01746-719564', 'APP SUPER MARKET,RAIL BAZAR,CHUADANGA'),
(211, 'NORTH', 'BELLAL UDDIN MAHMUD', '01401184253', 'RAJSHAHI', 'RAJIB PAUL', '01938889017', 'KUSHTIA', 'VACANT', '', 'ALOMDANGA', 'SUBA', 'SDB13-DB00175', 'KHUSHI STORE-ALOMDANGA', '01715-447612 ; 01922-357701', 'HIGH ROAD,ALOMDANGA'),
(212, 'NORTH', 'BELLAL UDDIN MAHMUD', '01401184253', 'RAJSHAHI', 'RAJIB PAUL', '01938889017', 'KUSHTIA', 'VACANT', '', 'DARSHAHNA', 'SUBA', 'SDB13-DB00176', 'NOKSHI STORE', '01787-837261 ; 01938-247626', 'GIRLS SCHOOL ROAD,DAMURHUDA,CHAUDANGA'),
(213, 'NORTH', 'BELLAL UDDIN MAHMUD', '01401184253', 'RAJSHAHI', 'RAJIB PAUL', '01938889017', 'NATORE', 'MD.SHAJAHAN ALI', '01938889450 ; 01967-439609', '', 'CD', 'CD022', 'JAKAREA TRADERS-KANDIVITA,NATORE_CD', '01706-152822', 'KHONDOKAR BAYEZID VILA,KANDIRVITA,NATORE'),
(214, 'NORTH', 'BELLAL UDDIN MAHMUD', '01401184253', 'RAJSHAHI', 'RAJIB PAUL', '01938889017', 'NATORE', 'MD.SHAJAHAN ALI', '01938889450 ; 01967-439609', 'CHATMOHOR', 'SUBB', 'CD022-DB00179', 'DAS & SONS-CHATMOHOR, RAJSHAHI', '01741-119326 ; 1728-716402', 'THANA BAZAR,CHATMOHOR,PABNA'),
(215, 'NORTH', 'BELLAL UDDIN MAHMUD', '01401184253', 'RAJSHAHI', 'RAJIB PAUL', '01938889017', 'NATORE', 'MD.SHAJAHAN ALI', '01938889450 ; 01967-439609', 'SINGRA', 'SUBB', 'CD022-DB00181', 'JAKIR ENTERPRISE- SINGRA, NATOR', '01795-579381', 'BURAPIRTALA,SINGRA,NATORE'),
(216, 'NORTH', 'BELLAL UDDIN MAHMUD', '01401184253', 'RAJSHAHI', 'RAJIB PAUL', '01938889017', 'NATORE', 'MD.SHAJAHAN ALI', '01938889450 ; 01967-439609', 'NATOR', 'SUBB', 'CD022-DB00182', 'KAZI ENTERPRISE-NATOR', '01712-81358  ; 1706-152822', 'KAZI TOWER,ALAIPUR,NATORE'),
(217, 'NORTH', 'BELLAL UDDIN MAHMUD', '01401184253', 'RAJSHAHI', 'RAJIB PAUL', '01938889017', 'NATORE', 'MD.SHAJAHAN ALI', '01938889450 ; 01967-439609', 'KANDIVITA', 'DB', 'DB00180', 'JAKAREA TRADERS-KANDIVITA NATORE', '01712-81358  ; 1706-152822', 'KHONDOKAR BAYEZID VILA,KANDIRVITA,NATORE'),
(218, 'NORTH', 'BELLAL UDDIN MAHMUD', '01401184253', 'RAJSHAHI', 'RAJIB PAUL', '01938889017', 'PABNA', 'MD.BILLAL HOSSAN', '01938889475 ; 01754-886800', 'VERAMARA', 'SUBB', 'CD021-DB00178', 'TITHI ENTERPRISE-VERAMARA, KUSTIA', '01768-972614', 'G K 3 NO BRIDGE,VERAMARA,KUSTIA'),
(219, 'NORTH', 'BELLAL UDDIN MAHMUD', '01401184253', 'RAJSHAHI', 'RAJIB PAUL', '01938889017', 'PABNA', 'MD.BILLAL HOSSAN', '01938889475 ; 01754-886800', 'PABNA', 'DB', 'DB00184', 'HAQUE & BROTHERS-PABNA', '01711-112777 ; 1720-432878', '559/0 DILALPUR,A GONI ROAD,PABNA'),
(220, 'NORTH', 'BELLAL UDDIN MAHMUD', '01401184253', 'RAJSHAHI', 'RAJIB PAUL', '01938889017', 'PABNA', 'MD.BILLAL HOSSAN', '01938889475 ; 01754-886800', '', 'SDB', 'SDB14', 'SULOV TRADERS BEANIPOTTI,PABNA_SD', '01716697665 ; 01781669650', '559/0 DILALPUR,A GONI ROAD,PABNA'),
(221, 'NORTH', 'BELLAL UDDIN MAHMUD', '01401184253', 'RAJSHAHI', 'RAJIB PAUL', '01938889017', 'PABNA', 'MD.BILLAL HOSSAN', '01938889475 ; 01754-886800', 'KASHINATHPUR', 'SUBA', 'SDB14-DB00183', 'BADHON STORE-KASHINATHPUR,PABNA', '01707-909049 ; 1707-548826', 'KIRISHI MARKET,KASHINATHPUR,PABNA'),
(222, 'NORTH', 'BELLAL UDDIN MAHMUD', '01401184253', 'RAJSHAHI', 'RAJIB PAUL', '01938889017', 'PABNA', 'MD.BILLAL HOSSAN', '01938889475 ; 01754-886800', 'ISWARDI', 'SUBA', 'SDB14-DB00185', 'ZIKO ENTERPRISE- ISWARDI PABNA', '01780-569111 ; 01515-230257', 'AB Market-Ishwardi Bazar'),
(223, 'NORTH', 'BELLAL UDDIN MAHMUD', '01401184253', 'RAJSHAHI', 'RAJIB PAUL', '01938889017', 'RAJSHAHI', 'MD. SAIFUL ISLAM', '01938889466', '', 'CD', 'CD023', 'MAMUN ENTERPRISE-RAJSHAHI_CD', '01716-167335 ; 01782-989038', 'BOROKUTI ROAD,SHAHEB BAZAR,RAJSHAHI'),
(224, 'NORTH', 'BELLAL UDDIN MAHMUD', '01401184253', 'RAJSHAHI', 'RAJIB PAUL', '01938889017', 'RAJSHAHI', 'MD. SAIFUL ISLAM', '01938889466', 'CHAPAINAWABGONJ', 'SUBB', 'CD023-DB00186', 'M.A.SALAM & SONS-CHAPI N.GONJ', '01712-719140 ; 1773-024370', 'PURATON BAZAR,MEDICAL MOR,CHAPAI N GONJ'),
(225, 'NORTH', 'BELLAL UDDIN MAHMUD', '01401184253', 'RAJSHAHI', 'RAJIB PAUL', '01938889017', 'RAJSHAHI', 'MD. SAIFUL ISLAM', '01938889466', 'SHIBGONJ', 'SUBB', 'CD023-DB00187', 'MAA MACHINERIZ SHIBGANJ CHAPINAWABGONJ', '01716-104178 ; 1727-671174', 'MOHASPUR BUJARGHAT BAZAR,SHIBGONJ,CHAPAI N GONJ'),
(226, 'NORTH', 'BELLAL UDDIN MAHMUD', '01401184253', 'RAJSHAHI', 'RAJIB PAUL', '01938889017', 'RAJSHAHI', 'MD. SAIFUL ISLAM', '01938889466', 'KESHORHAT', 'SUBB', 'CD023-DB00189', 'NEW PAIN SERVICE-KESHORHAT (RAJSHAHI )', '01772-908914', 'COSMETICS POTTI,KESHORHAT,MOHONPUR,RAJSHAHI'),
(227, 'NORTH', 'BELLAL UDDIN MAHMUD', '01401184253', 'RAJSHAHI', 'RAJIB PAUL', '01938889017', 'RAJSHAHI', 'MD. SAIFUL ISLAM', '01938889466', 'ROHONPUR', 'SUBB', 'CD023-DB00190', 'S A ENTERPRISE-ROHANPUR,CHAPI', '01717-927634 ; 1977-927634', 'ROHOMATPARA MOR,ROHONPUR,CHAPAI N GONJ'),
(228, 'NORTH', 'BELLAL UDDIN MAHMUD', '01401184253', 'RAJSHAHI', 'RAJIB PAUL', '01938889017', 'RAJSHAHI', 'MD. SAIFUL ISLAM', '01938889466', 'ARANI', 'SUBB', 'CD023-DB00191', 'THREE BROTHERS STORE - ARANI ( RAJSHAHI )', '01773-645038 ; 1713-700977', 'KALIBARI MARKET,ARANI,BAGHA,RAJSHAHI'),
(229, 'NORTH', 'BELLAL UDDIN MAHMUD', '01401184253', 'RAJSHAHI', 'RAJIB PAUL', '01938889017', 'RAJSHAHI', 'MD. SAIFUL ISLAM', '01938889466', 'RAJSHAHI', 'DB', 'DB00188', 'MAMUN ENTERPRISE-RAJSHAHI', '01716-167335 ; 1782-989038', 'BOROKUTI ROAD,SHAHEB BAZAR,RAJSHAHI'),
(230, 'NORTH', 'BELLAL UDDIN MAHMUD', '01401184253', 'RANGPUR', 'MD. MURSHEDUSZZAMAN', '01938889013', 'DINAJPUR', 'MD. MOSTAFIZUR RAHMAN', '01938889546', '', 'CD', 'CD024', 'S ALAM TRADERS-DINAJPUR_CD', '01751 466369 ; 01717 139877', 'LAL BAG BOISHAKIR MORE , DINAJPUR'),
(231, 'NORTH', 'BELLAL UDDIN MAHMUD', '01401184253', 'RANGPUR', 'MD. MURSHEDUSZZAMAN', '01938889013', 'DINAJPUR', 'MD. MOSTAFIZUR RAHMAN', '01938889546', 'KAHAROLE', 'SUBB', 'CD024-DB00193', 'PRITI TRADERS-(BIRGONG)KAHAROLE,DINAJPUR', '01711416211 ; 01710631110', 'UPAZILA ROAD,(BIRGONG)KAHAROLE,DINAJPUR'),
(232, 'NORTH', 'BELLAL UDDIN MAHMUD', '01401184253', 'RANGPUR', 'MD. MURSHEDUSZZAMAN', '01938889013', 'DINAJPUR', 'MD. MOSTAFIZUR RAHMAN', '01938889546', '', 'CD', 'CD025', 'NEW MONIKA TRADERS-THAKURGAON (CD)', '01735883582 ; 01711361292', 'HAZI PARA, GOVT MOHILA COLLEGE ROAD , THAKURGOAN'),
(233, 'NORTH', 'BELLAL UDDIN MAHMUD', '01401184253', 'RANGPUR', 'MD. MURSHEDUSZZAMAN', '01938889013', 'DINAJPUR', 'MD. MOSTAFIZUR RAHMAN', '01938889546', 'RANISONKOIL', 'SUBB', 'CD025-DB00196', 'SS ETERPRISE -RANISONKOIL', '01773221616', 'POLASH MARKET, RANISONKOYL, THAKURGAON'),
(234, 'NORTH', 'BELLAL UDDIN MAHMUD', '01401184253', 'RANGPUR', 'MD. MURSHEDUSZZAMAN', '01938889013', 'DINAJPUR', 'MD. MOSTAFIZUR RAHMAN', '01938889546', 'THAKURGAON', 'DB', 'DB00192', 'MONICA TRADERS- THAKURGAON', '01735883582 ; 01711361292', 'HAZI PARA, GOVT MOHILA COLLEGE ROAD , THAKURGOAN'),
(235, 'NORTH', 'BELLAL UDDIN MAHMUD', '01401184253', 'RANGPUR', 'MD. MURSHEDUSZZAMAN', '01938889013', 'DINAJPUR', 'MD. MOSTAFIZUR RAHMAN', '01938889546', 'DINAJPUR', 'DB', 'DB00194', 'S ALAM TRADERS-DINAJPUR', '01751 466369 ; 01717 139877', 'LAL BAG BOISHAKIR MORE , DINAJPUR'),
(236, 'NORTH', 'BELLAL UDDIN MAHMUD', '01401184253', 'RANGPUR', 'MD. MURSHEDUSZZAMAN', '01938889013', 'DINAJPUR', 'MD. MOSTAFIZUR RAHMAN', '01938889546', 'PANCHGARH', 'DB', 'DB00195', 'SHAHANA STORE-PONCHAGOR', '01716646577 ; 01976646577', 'KAMAR POTTY ROAD, PONCHAGOR BAZAR, PONCHAGOR'),
(237, 'NORTH', 'BELLAL UDDIN MAHMUD', '01401184253', 'RANGPUR', 'MD. MURSHEDUSZZAMAN', '01938889013', 'NILPHAMARI', 'MD. SAGER ALI', '01938889556 ; 01722630169', '', 'CD', 'CD026', 'SHAHADAT STORE-NILPHAMARY _CD', '01712155874 ;  0173724686', 'BORO BAZAR, NILPHAMARI SADAR'),
(238, 'NORTH', 'BELLAL UDDIN MAHMUD', '01401184253', 'RANGPUR', 'MD. MURSHEDUSZZAMAN', '01938889013', 'NILPHAMARI', 'MD. SAGER ALI', '01938889556 ; 01722630169', 'DOMAR', 'SUBB', 'CD026-DB00197', 'ETI COSMETICS-DOMAR, NILPHAMARI', '01796013585 ; 01750783156', 'DOMAR, NILPHAMARI'),
(239, 'NORTH', 'BELLAL UDDIN MAHMUD', '01401184253', 'RANGPUR', 'MD. MURSHEDUSZZAMAN', '01938889013', 'NILPHAMARI', 'MD. SAGER ALI', '01938889556 ; 01722630169', 'PARBATIPUR', 'SUBB', 'CD026-DB00198', 'MOMOTAJ STORE - PARBOTIPUR', '01712929622 ; 01723643043', 'PURATON BAZAR, PARBOTIPUR, DINAJPUR'),
(240, 'NORTH', 'BELLAL UDDIN MAHMUD', '01401184253', 'RANGPUR', 'MD. MURSHEDUSZZAMAN', '01938889013', 'NILPHAMARI', 'MD. SAGER ALI', '01938889556 ; 01722630169', 'SAYEDPUR', 'SUBB', 'CD026-DB00199', 'NASIM & BROTHERS-SYEDPUR,NILPHAMARY', '01719515398 ; 01993135558', 'GATBAZAR,HANIFMORE,SAYEDPUR,NILPHAMARI'),
(241, 'NORTH', 'BELLAL UDDIN MAHMUD', '01401184253', 'RANGPUR', 'MD. MURSHEDUSZZAMAN', '01938889013', 'NILPHAMARI', 'MD. SAGER ALI', '01938889556 ; 01722630169', 'NILPHAMARI', 'DB', 'DB00200', 'SHAHADAT STORE- NILPHAMARI', '01712155874', 'BORO BAZAR, NILPHAMARI SADAR'),
(242, 'NORTH', 'BELLAL UDDIN MAHMUD', '01401184253', 'RANGPUR', 'MD. MURSHEDUSZZAMAN', '01938889013', 'RANGPUR', 'MD. NUR ALAM', '01938889531 ; 01711287033', 'LALMONIRHAT', 'DB', 'DB00204', 'HABIBUR RAHMAN STORE-LALMONIRHAT', '01727855610 ; 01910999140', 'HOSPITAL ROAD, LALMONIRHAT'),
(243, 'NORTH', 'BELLAL UDDIN MAHMUD', '01401184253', 'RANGPUR', 'MD. MURSHEDUSZZAMAN', '01938889013', 'RANGPUR', 'MD. NUR ALAM', '01938889531 ; 01711287033', '', 'SDB', 'SDB15', 'M S ENTERPRISE- NEW JUMMA PARA, RANGPUR (SD)', '01712682851 ; 01912682851', 'SEN PARA ROAD ,MULATOL MORE, RANGPUR'),
(244, 'NORTH', 'BELLAL UDDIN MAHMUD', '01401184253', 'RANGPUR', 'MD. MURSHEDUSZZAMAN', '01938889013', 'RANGPUR', 'MD. NUR ALAM', '01938889531 ; 01711287033', 'PAGLAPIR', 'SUBA', 'SDB15-DB00201', 'A.R ENTERPRISE - PAGLAPIR', '01719207549 ; 01710358072', 'JALDHAKA ROAD,PAGLAPIR,RANGPUR'),
(245, 'NORTH', 'BELLAL UDDIN MAHMUD', '01401184253', 'RANGPUR', 'MD. MURSHEDUSZZAMAN', '01938889013', 'RANGPUR', 'MD. NUR ALAM', '01938889531 ; 01711287033', 'RANGPUR', 'SUBA', 'SDB15-DB00202', 'J B TRADERS-MOHANAGOR RANGPUR', '01713649744', 'STATION ROAD, RANGPUR SADAR, RNAGPUR'),
(246, 'NORTH', 'BELLAL UDDIN MAHMUD', '01401184253', 'RANGPUR', 'MD. MURSHEDUSZZAMAN', '01938889013', 'RANGPUR', 'MD. NUR ALAM', '01938889531 ; 01711287033', 'HARAGACH', 'SUBA', 'SDB15-DB00203', 'BHAI BHAI ENTERPRISE- GONGACHARA (RANGPUR)', '01710052954 ; 01749770734', 'NEAR BY MOHIPUR HIGH SCHOOL, GONGACHARA, RANGPUR'),
(247, 'NORTH', 'BELLAL UDDIN MAHMUD', '01401184253', 'RANGPUR', 'MD. MURSHEDUSZZAMAN', '01938889013', 'RANGPUR', 'MD. NUR ALAM', '01938889531 ; 01711287033', 'HAIIBANDA', 'SUBA', 'SDB15-DB00207', 'MOMEN TRADERS- HATIBANDHA LALMONIRHAT', '01737681637 ; 01747034402', 'DOIKHAOWA MORE,PATGRAM ROAD,HATIBANDHA'),
(248, 'NORTH', 'BELLAL UDDIN MAHMUD', '01401184253', 'RANGPUR', 'MD. MURSHEDUSZZAMAN', '01938889013', 'RANGPUR', 'MD. NUR ALAM', '01938889531 ; 01711287033', 'PIRGACHA', 'SUBA', 'SDB15-DB00208', 'PADMA ENTERPRISE-PIRGACHA(RANGPUR)', '01726217527 ; 01733191993', 'PIRGACHA BUS STAND, PIRGACHA, RANGPUR'),
(249, 'NORTH', 'BELLAL UDDIN MAHMUD', '01401184253', 'RANGPUR', 'MD. MURSHEDUSZZAMAN', '01938889013', 'RANGPUR', 'MD. NUR ALAM', '01938889531 ; 01711287033', 'KOWNIA', 'SUBA', 'SDB15-DB00209', 'RAISA ENTERPRISE- KOWNIA', '01762887496 ; 01755322919', 'MENAJ BAZAR, HARAGACH, KAWNIA,RANGPUR'),
(250, 'NORTH', 'BELLAL UDDIN MAHMUD', '01401184253', 'RANGPUR', 'MD. MURSHEDUSZZAMAN', '01938889013', 'RANGPUR', 'MD. NUR ALAM', '01938889531 ; 01711287033', 'BADARGANJ', 'SUBA', 'SDB15-DB00210', 'ROJOB STORE - BADARGONJ', '01719277732', 'NEAR BY LSD GOWDOWN, BADORGOMJ, RANGPUR'),
(251, 'NORTH', 'BELLAL UDDIN MAHMUD', '01401184253', 'RANGPUR', 'MD. MURSHEDUSZZAMAN', '01938889013', 'RANGPUR', 'MD. NUR ALAM', '01938889531 ; 01711287033', '', 'SDB', 'SDB16', 'SWARONIK COSMETICS-KURIGARM  (SD)', '01712500382 ; 01710050847', 'DADA MUR, KURIGRAM, RANGPUR'),
(252, 'NORTH', 'BELLAL UDDIN MAHMUD', '01401184253', 'RANGPUR', 'MD. MURSHEDUSZZAMAN', '01938889013', 'RANGPUR', 'MD. NUR ALAM', '01938889531 ; 01711287033', 'NAGESWARY', 'SUBA', 'SDB16-DB00205', 'MAMUN TRADERS - NAGESWARY', '01716289216 ; 01955020929', 'BASH POTTY, NAGESWARI, KURIGRAM'),
(253, 'NORTH', 'BELLAL UDDIN MAHMUD', '01401184253', 'RANGPUR', 'MD. MURSHEDUSZZAMAN', '01938889013', 'RANGPUR', 'MD. NUR ALAM', '01938889531 ; 01711287033', 'ULIPUR', 'SUBA', 'SDB16-DB00206', 'M/S RIPON COSMETICS,CHAWKBAZAR,ULIPUR', '01731257582 ; 01919280066', 'CHAWKBAZAR, ULIPUR, KURIGRAM'),
(254, 'NORTH', 'BELLAL UDDIN MAHMUD', '01401184253', 'RANGPUR', 'MD. MURSHEDUSZZAMAN', '01938889013', 'RANGPUR', 'MD. NUR ALAM', '01938889531 ; 01711287033', 'KURIGRAM', 'SUBA', 'SDB16-DB00211', 'SWARONIKA COSMETICS-KURIGRAM', '01712500382 ; 01710050847', 'DADA MUR, KURIGRAM, RANGPUR'),
(255, 'SOUTH', 'MOIN UDDIN CHOWDHURY', '01938889007', 'BARISAL', 'MD SALIM REZA', '01938889030', 'BARISAL', 'MD KHALILUR RAHAMAN', '01938889380 ; 01791899433', '', 'CD', 'CD027', 'POPY PHONE CONNECTION- BARISAL_CD', '01711003030 ; 01614003030', 'BAZAR ROAD, BARISAL (INFRONT OF PUBALI BANK)'),
(256, 'SOUTH', 'MOIN UDDIN CHOWDHURY', '01938889007', 'BARISAL', 'MD SALIM REZA', '01938889030', 'BARISAL', 'MD KHALILUR RAHAMAN', '01938889380 ; 01791899433', 'GOURANADI', 'SUBB', 'CD027-DB00212', 'DADON TRADERS-GOURNADI,BARISAL', '01979001142 ; 01711742601', 'BATAJOR, THANA GOURANADI, BARISAL'),
(257, 'SOUTH', 'MOIN UDDIN CHOWDHURY', '01938889007', 'BARISAL', 'MD SALIM REZA', '01938889030', 'BARISAL', 'MD KHALILUR RAHAMAN', '01938889380 ; 01791899433', 'MULADI', 'SUBB', 'CD027-DB00213', 'MAHMUD ENTERPRISE -MULADI, BARISAL', '01721429370 ; 01715690729', 'PURATON KACHA BAZAR, MULADI, BARISAL'),
(258, 'SOUTH', 'MOIN UDDIN CHOWDHURY', '01938889007', 'BARISAL', 'MD SALIM REZA', '01938889030', 'BARISAL', 'MD KHALILUR RAHAMAN', '01938889380 ; 01791899433', 'AGOILJHARA', 'SUBB', 'CD027-DB00214', 'OMAR ENTERPRISE-TORKY,GOURANDI,BARISAL', '01707816363 ; 01839400914', 'BAZAR ROAD,TORKI BONDOR,BARISAL'),
(259, 'SOUTH', 'MOIN UDDIN CHOWDHURY', '01938889007', 'BARISAL', 'MD SALIM REZA', '01938889030', 'BARISAL', 'MD KHALILUR RAHAMAN', '01938889380 ; 01791899433', 'PATERHAT', 'SUBB', 'CD027-DB00216', 'SARKER ENTERPRISE-PATARHART', '01961117654 ; 01918857396', 'PATARHAT, CHAWLA POTTI DOKKHIN BAZAR, MEHENDIGONJ, PATARHAT'),
(260, 'SOUTH', 'MOIN UDDIN CHOWDHURY', '01938889007', 'BARISAL', 'MD SALIM REZA', '01938889030', 'BARISAL', 'MD KHALILUR RAHAMAN', '01938889380 ; 01791899433', 'BARISAL', 'DB', 'DB00215', 'POPY PHONE CONNECTION- BARISAL', '01711003030 ; 01614003030', 'BAZAR ROAD, BARISAL (INFRONT OF PUBALI BANK)'),
(261, 'SOUTH', 'MOIN UDDIN CHOWDHURY', '01938889007', 'BARISAL', 'MD SALIM REZA', '01938889030', 'BHOLA', 'MD REDWAN(ALTAF)', '01938889667 ; 01715794756', '', 'CD', 'CD028', 'PRITOM TRADERS-VOLA_CD', '01716817603 ; 01944351984', 'MASUMA KHAN SCHOOL ROAD, PROSANTI VILA,1106, BHOLA SADAR,BHOLA'),
(262, 'SOUTH', 'MOIN UDDIN CHOWDHURY', '01938889007', 'BARISAL', 'MD SALIM REZA', '01938889030', 'BHOLA', 'MD REDWAN(ALTAF)', '01938889667 ; 01715794756', 'BORHANUDDIN', 'SUBB', 'CD028-DB00217', 'MIZAN STORE -BORHANUDDIN(BHOLA)', '01713962588 ; 01730687519', 'KUNJERHAT BAZAR,FOZLU HOWLADER PLAZA, BORHANUDDIN, BHOLA'),
(263, 'SOUTH', 'MOIN UDDIN CHOWDHURY', '01938889007', 'BARISAL', 'MD SALIM REZA', '01938889030', 'BHOLA', 'MD REDWAN(ALTAF)', '01938889667 ; 01715794756', 'CHARFESHON', 'SUBB', 'CD028-DB00218', 'MUNNI STORE - CHARFASSION, BHOLA', '01712305349 ; 01718582148', 'BOTTOLA, CHARFESHON, BHOLA'),
(264, 'SOUTH', 'MOIN UDDIN CHOWDHURY', '01938889007', 'BARISAL', 'MD SALIM REZA', '01938889030', 'BHOLA', 'MD REDWAN(ALTAF)', '01938889667 ; 01715794756', 'MONPURA', 'SUBB', 'CD028-DB00219', 'PIYASHA COSMETICS - MONPURA ( BHOLA )', '01711110061 ; 01716243367', 'MR SANJOY KUMAR DEY,2NO, HAZIRHAT UNIOUN, WORD NO 4, MONPURA, BHOLA'),
(265, 'SOUTH', 'MOIN UDDIN CHOWDHURY', '01938889007', 'BARISAL', 'MD SALIM REZA', '01938889030', 'BHOLA', 'MD REDWAN(ALTAF)', '01938889667 ; 01715794756', 'BHOLA', 'DB', 'DB00220', 'PRITOM TRADERS-VOLA', '01716817603 ; 01944351984', 'MASUMA KHAN SCHOOL ROAD, PROSANTI VILA,1106, BHOLA SADAR,BHOLA'),
(266, 'SOUTH', 'MOIN UDDIN CHOWDHURY', '01938889007', 'BARISAL', 'MD SALIM REZA', '01938889030', 'FARIDPUR', 'PRODIP CHANDRA DAS', '01938889278 ; 01778759666', '', 'CD', 'CD029', 'NOOR ENTERPRISE-FARIDPUR_CD', '01889307870 ; 01726828780', 'SHOP NO-13 HOSSIN SUPPER MARKET, CHAK BAZZAR ,FARIDPUR'),
(267, 'SOUTH', 'MOIN UDDIN CHOWDHURY', '01938889007', 'BARISAL', 'MD SALIM REZA', '01938889030', 'FARIDPUR', 'PRODIP CHANDRA DAS', '01938889278 ; 01778759666', 'MAGURA', 'SUBB', 'CD029-DB00221', 'BISWAS STORE-MAGURA', '01924229092 ; 01714836563', 'SIBRAMPUR ROAD, SUNILMASTER BARI, NATUN BAZZAR, MAGURA.'),
(268, 'SOUTH', 'MOIN UDDIN CHOWDHURY', '01938889007', 'BARISAL', 'MD SALIM REZA', '01938889030', 'FARIDPUR', 'PRODIP CHANDRA DAS', '01938889278 ; 01778759666', 'BHANGA', 'SUBB', 'CD029-DB00222', 'DATTA TRADERS-BHANGA FARIDPUR', '01711135509 ; 1716558824', 'TALUKDER VILA, KAPURIA SADRDE, THANA ROAD ,BHANGA, FARIDPUR.'),
(269, 'SOUTH', 'MOIN UDDIN CHOWDHURY', '01938889007', 'BARISAL', 'MD SALIM REZA', '01938889030', 'FARIDPUR', 'PRODIP CHANDRA DAS', '01938889278 ; 01778759666', 'BOALMARI', 'SUBB', 'CD029-DB00225', 'NOORJAHAN & SONS-BOALMARI', '01722067688 ; 01714867744', 'MOSJID MARKET, (INFORNT SIDE OF CENTERAL MOSQUE) SADAR ROAD, BOALMARI'),
(270, 'SOUTH', 'MOIN UDDIN CHOWDHURY', '01938889007', 'BARISAL', 'MD SALIM REZA', '01938889030', 'FARIDPUR', 'PRODIP CHANDRA DAS', '01938889278 ; 01778759666', 'RAJBARI', 'DB', 'DB00223', 'MUNNI TRADERS-RAJBARI', '01742799957 ; 01790910163', 'HARUN COMPLEX,KHALIFA POTTI,RAJBARI'),
(271, 'SOUTH', 'MOIN UDDIN CHOWDHURY', '01938889007', 'BARISAL', 'MD SALIM REZA', '01938889030', 'FARIDPUR', 'PRODIP CHANDRA DAS', '01938889278 ; 01778759666', 'FARIDPUR', 'DB', 'DB00224', 'NOOR ENTERPRISE- FARIDPUR', '01889307870 ; 01726828780', 'SHOP NO-13 HOSSIN SUPPER MARKET, CHAK BAZZAR ,FARIDPUR'),
(272, 'SOUTH', 'MOIN UDDIN CHOWDHURY', '01938889007', 'BARISAL', 'MD SALIM REZA', '01938889030', 'JHALOKHATHI', 'VACANT', '', '', 'CD', 'CD030', 'RAZIA COSMETICS- JHALOKATI_CD', '01712140062 ; 01919460410', 'TOTON PLAZA, 45, KUMAR POTTRY ROAD, JHALOKATHI SADAR'),
(273, 'SOUTH', 'MOIN UDDIN CHOWDHURY', '01938889007', 'BARISAL', 'MD SALIM REZA', '01938889030', 'JHALOKHATHI', 'VACANT', '', 'BHANDARIA', 'SUBB', 'CD030-DB00226', 'HOWLADER ENTERPRISE-VANDARIA,PIROJPUR', '01742079689 ; 01714342137', 'COLLEGE ROAD,VANDARIA SADAR,PIROJPUR'),
(274, 'SOUTH', 'MOIN UDDIN CHOWDHURY', '01938889007', 'BARISAL', 'MD SALIM REZA', '01938889030', 'JHALOKHATHI', 'VACANT', '', 'BAKERGONJ', 'SUBB', 'CD030-DB00227', 'MOLLA STORES-BAKERGONJ', '01924674805 ; 01688092921', 'CHOWRASTA CINEMA HALL, BAKERGONJ'),
(275, 'SOUTH', 'MOIN UDDIN CHOWDHURY', '01938889007', 'BARISAL', 'MD SALIM REZA', '01938889030', 'JHALOKHATHI', 'VACANT', '', 'SWRUPKATHI', 'SUBB', 'CD030-DB00229', 'SREE DURGA ENTERPRISE - SWARUPKATHI', '01735207537 ; 01725358717', 'MOHILA COLLEGE ROAD, MIAR HAT, NESARABAD, SWRUPKATHI, PIROJPUR'),
(276, 'SOUTH', 'MOIN UDDIN CHOWDHURY', '01938889007', 'BARISAL', 'MD SALIM REZA', '01938889030', 'JHALOKHATHI', 'VACANT', '', 'JHALIKATHI', 'DB', 'DB00228', 'RAZIA COSMETICS- JHALOKATI', '01712140062 ; 01919460410', 'TOTON PLAZA, 45, KUMAR POTTRY ROAD, JHALOKATHI SADAR'),
(277, 'SOUTH', 'MOIN UDDIN CHOWDHURY', '01938889007', 'BARISAL', 'MD SALIM REZA', '01938889030', 'PATUAKHALI', 'MD AL AMIN', '01938889385', '', 'CD', 'CD031', 'EVA TRADERS-PATUAKHALI (COMMON DB)', '01761893314 ; 01776769162', '327 MUSLIM PARA, ROAD,PATUAKHALI'),
(278, 'SOUTH', 'MOIN UDDIN CHOWDHURY', '01938889007', 'BARISAL', 'MD SALIM REZA', '01938889030', 'PATUAKHALI', 'MD AL AMIN', '01938889385', 'BORGUNA', 'SUBB', 'CD031-DB00230', 'ASHRAF STORE-BARGUNA', '01938889385 ; 01749129650', '20 NO POURO MARKET,BARGUNA SADAR, BARGUNA'),
(279, 'SOUTH', 'MOIN UDDIN CHOWDHURY', '01938889007', 'BARISAL', 'MD SALIM REZA', '01938889030', 'PATUAKHALI', 'MD AL AMIN', '01938889385', 'GALACHIPA', 'SUBB', 'CD031-DB00231', 'DEEP ENTERPRISE-GALACHIPA(PATUAKHALI)', '01733088287 ; 01757818694', 'KALIBARI ROAD,GOLACHIPA,PATUAKHALI'),
(280, 'SOUTH', 'MOIN UDDIN CHOWDHURY', '01938889007', 'BARISAL', 'MD SALIM REZA', '01938889030', 'PATUAKHALI', 'MD AL AMIN', '01938889385', 'BOUPHOL', 'SUBB', 'CD031-DB00233', 'MAA ENTERPRISE-BAUPHAL, PATUAKHALI', '01743940575 ; 01735952029', 'MR JOYDEB CHANDRA DAS,KAGIZIR POLL,BOUPHOL, POTUAKHALI'),
(281, 'SOUTH', 'MOIN UDDIN CHOWDHURY', '01938889007', 'BARISAL', 'MD SALIM REZA', '01938889030', 'PATUAKHALI', 'MD AL AMIN', '01938889385', 'KALAPARA', 'SUBB', 'CD031-DB00234', 'SELIM CONFECTIONARY-KALAPARA,POTUAKHALI', '01770644845 ; 01627498620', 'PURAN BAZAR, KALAPARA, POTUAKHALI'),
(282, 'SOUTH', 'MOIN UDDIN CHOWDHURY', '01938889007', 'BARISAL', 'MD SALIM REZA', '01938889030', 'PATUAKHALI', 'MD AL AMIN', '01938889385', 'PATUAKHALI', 'DB', 'DB00232', 'EVA TRADERS - PATUAKHALI', '01761893314 ; 01776769162', '327 MUSLIM PARA, ROAD,PATUAKHALI'),
(283, 'SOUTH', 'MOIN UDDIN CHOWDHURY', '01938889007', 'BARISAL', 'MD SALIM REZA', '01938889030', 'PATUAKHALI', 'MD AL AMIN', '01938889385', 'PATHORGHATA', 'DB', 'DB00235', 'SHAHIN STORE-PATHARGHATA,BARGUNA', '01745320916 ; 01717727742', 'MD GIAS UDDIN,GRAMIN BANK ROAD, PATHORGHATA'),
(284, 'SOUTH', 'MOIN UDDIN CHOWDHURY', '01938889007', 'BARISAL', 'MD SALIM REZA', '01938889030', 'SHARIATPUR', 'MD. ZULHAS UDDIN', '01938889609', '', 'CD', 'CD032', 'GIAS UDDIN ENTERPRISE-SHARIATPUR (COMMON_DB)', '01913061554 ; 01928806119', 'SAJJ BITAN,PALONG BAZAR, SHARIATPUR'),
(285, 'SOUTH', 'MOIN UDDIN CHOWDHURY', '01938889007', 'BARISAL', 'MD SALIM REZA', '01938889030', 'SHARIATPUR', 'MD. ZULHAS UDDIN', '01938889609', 'SHIBCHAR', 'SUBB', 'CD032-DB00237', 'JIHAD ENTERPRISE-SHIBCHOR,MADARIPUR', '01757712933 ; 01819044621', 'SHIBCHAR SADAR, (BACK SIDE OF MOHURI POTTI JAME MOSJID ) MADARIPUR'),
(286, 'SOUTH', 'MOIN UDDIN CHOWDHURY', '01938889007', 'BARISAL', 'MD SALIM REZA', '01938889030', 'SHARIATPUR', 'MD. ZULHAS UDDIN', '01938889609', 'MADARIPUR', 'SUBB', 'CD032-DB00238', 'KHAN ENTERPRISE /MADARIPUR', '01729644332 ; 01935624366', 'KAMAR POTTI,PURAN BAZAR, MADARIPUR'),
(287, 'SOUTH', 'MOIN UDDIN CHOWDHURY', '01938889007', 'BARISAL', 'MD SALIM REZA', '01938889030', 'SHARIATPUR', 'MD. ZULHAS UDDIN', '01938889609', 'NARIA', 'SUBB', 'CD032-DB00239', 'MAA TRADERS-NORIA,SHARIATPUR', '01714826504 ; 01837451910', 'NARIA BAZAR,INFRONT OF SONALI BANK, SHARIATPUR'),
(288, 'SOUTH', 'MOIN UDDIN CHOWDHURY', '01938889007', 'BARISAL', 'MD SALIM REZA', '01938889030', 'SHARIATPUR', 'MD. ZULHAS UDDIN', '01938889609', 'SHARIATPUR', 'DB', 'DB00236', 'GIAS UDDIN ENTERPRISE-SHARIATPUR', '01913061554 ; 01928806119', 'SAJJ BITAN,PALONG BAZAR, SHARIATPUR'),
(289, 'SOUTH', 'MOIN UDDIN CHOWDHURY', '01938889007', 'KHULNA', 'RAYHAN RAHMAN', '01938889009', 'BAGHERHAT', 'MD SOHEB RANA', '01938889409', '', 'CD', 'CD033', 'JOYHORI ENTERPRISE-BAGERHAT (COMMON DB)', '01717934069 ; 01717934069', 'ANIK PLAZA KORMOKAR POTTI, BAGERHAT'),
(290, 'SOUTH', 'MOIN UDDIN CHOWDHURY', '01938889007', 'KHULNA', 'RAYHAN RAHMAN', '01938889009', 'BAGHERHAT', 'MD SOHEB RANA', '01938889409', 'FAKHIRHAT', 'SUBB', 'CD033-DB00240', 'AL MADINA-FAKHIRHAT, BAGERHAT', '01976068300 ; 01727068300', 'DAKBANGLA MOR, FOKIRHAT, BAGERHAT'),
(291, 'SOUTH', 'MOIN UDDIN CHOWDHURY', '01938889007', 'KHULNA', 'RAYHAN RAHMAN', '01938889009', 'BAGHERHAT', 'MD SOHEB RANA', '01938889409', 'PIROJPUR', 'SUBB', 'CD033-DB00243', 'MADINA G STORE, PIROJEPUR', '01716-887770', 'BORO MASJID MOR, PIROJPUR SADAR'),
(292, 'SOUTH', 'MOIN UDDIN CHOWDHURY', '01938889007', 'KHULNA', 'RAYHAN RAHMAN', '01938889009', 'BAGHERHAT', 'MD SOHEB RANA', '01938889409', 'MORELGANJ', 'SUBB', 'CD033-DB00244', 'MS KHAN ENTERPRISE-MORELGONJ', '01887-076070', 'COLLEGE MUR, MOROLGANJ, BAGERHAT.'),
(293, 'SOUTH', 'MOIN UDDIN CHOWDHURY', '01938889007', 'KHULNA', 'RAYHAN RAHMAN', '01938889009', 'BAGHERHAT', 'MD SOHEB RANA', '01938889409', 'GOPALGANJ', 'DB', 'DB00241', 'JAHANARA ENTERPRISE-GOPALGONJ', '01715-655335', 'BISIC SHILPO NOGORI, GOPALGONJ MAIN TOWN, GOPALGONJ'),
(294, 'SOUTH', 'MOIN UDDIN CHOWDHURY', '01938889007', 'KHULNA', 'RAYHAN RAHMAN', '01938889009', 'BAGHERHAT', 'MD SOHEB RANA', '01938889409', 'BAGERHAT', 'DB', 'DB00242', 'JOYHORI ENTERPRISE- BAGERHAT', '01717934069 ; 01717934069', 'ANIK PLAZA KORMOKAR POTTI, BAGERHAT'),
(295, 'SOUTH', 'MOIN UDDIN CHOWDHURY', '01938889007', 'KHULNA', 'RAYHAN RAHMAN', '01938889009', 'JESSORE ', 'AKTER HOSSAIN', '01938889414 ; 01710448182', '', 'CD', 'CD034', 'MUBAROK STORE-JESSORE_CD', '01912544524 ; 01912544522', 'HAZI ABDUL KARIM LANE, BORO MACH BAZAR, JESSORE.'),
(296, 'SOUTH', 'MOIN UDDIN CHOWDHURY', '01938889007', 'KHULNA', 'RAYHAN RAHMAN', '01938889009', 'JESSORE ', 'AKTER HOSSAIN', '01938889414 ; 01710448182', 'KALIGANJ', 'SUBB', 'CD034-DB00245', 'CHITRA STORE-KALIGONJ', '01918-382003', 'MODUGONJ BAZAR, KAIGONJ, JINAIDAH'),
(297, 'SOUTH', 'MOIN UDDIN CHOWDHURY', '01938889007', 'KHULNA', 'RAYHAN RAHMAN', '01938889009', 'JESSORE ', 'AKTER HOSSAIN', '01938889414 ; 01710448182', 'NORAIL', 'SUBB', 'CD034-DB00246', 'FAIZA ENTERPRISE-NORAIL', '01937-478966', 'NARAIL SADAR ROAD, NEAR BY NARIAL UPAZILA, NARAIL'),
(298, 'SOUTH', 'MOIN UDDIN CHOWDHURY', '01938889007', 'KHULNA', 'RAYHAN RAHMAN', '01938889009', 'JESSORE ', 'AKTER HOSSAIN', '01938889414 ; 01710448182', 'KESOBPUR', 'SUBB', 'CD034-DB00248', 'POPULAR TRADERS-KESHABPUR,JESSORE', '01926176147', 'HASANPUR BAZAR, KESHABPUR, JESSORE'),
(299, 'SOUTH', 'MOIN UDDIN CHOWDHURY', '01938889007', 'KHULNA', 'RAYHAN RAHMAN', '01938889009', 'JESSORE ', 'AKTER HOSSAIN', '01938889414 ; 01710448182', 'JESSORE', 'DB', 'DB00247', 'MUBAROK STORE-JESSORE', '01912544524 ; 01912544522', 'HAZI ABDUL KARIM LANE, BORO MACH BAZAR, JESSORE.'),
(300, 'SOUTH', 'MOIN UDDIN CHOWDHURY', '01938889007', 'KHULNA', 'RAYHAN RAHMAN', '01938889009', 'KHULNA', 'MIR  MAHMUDUL HASAN', '01938889401 ; 01723612322', '', 'CD', 'CD035', 'TRUST TRADING-KHULNA (COMMON DB)', '0171-5548222', '57 FORAJIPARA, DINWALI JAME MOSJID, KHULNA'),
(301, 'SOUTH', 'MOIN UDDIN CHOWDHURY', '01938889007', 'KHULNA', 'RAYHAN RAHMAN', '01938889009', 'KHULNA', 'MIR  MAHMUDUL HASAN', '01938889401 ; 01723612322', 'KAPILMONI', 'SUBB', 'CD035-DB00249', 'ANJANA ENTERPRISE-KAPILMUNI, KHULNA', '01978-449742 ; 01718449742', 'KAPILMONI BAZAR, KHULNA'),
(302, 'SOUTH', 'MOIN UDDIN CHOWDHURY', '01938889007', 'KHULNA', 'RAYHAN RAHMAN', '01938889009', 'KHULNA', 'MIR  MAHMUDUL HASAN', '01938889401 ; 01723612322', 'AVOYNAGAR', 'SUBB', 'CD035-DB00250', 'RAJIB ENTERPRISE-NOWPARA', '01943539719 ; 01400539718', 'CHORIPORTI, AVOINANAR, NAWAPARA, JESSORE'),
(303, 'SOUTH', 'MOIN UDDIN CHOWDHURY', '01938889007', 'KHULNA', 'RAYHAN RAHMAN', '01938889009', 'KHULNA', 'MIR  MAHMUDUL HASAN', '01938889401 ; 01723612322', 'DOULATPUR', 'SUBB', 'CD035-DB00251', 'RAI ENTERPRISE-DOULATPUR', '01922318303', '5NO SHAHAPARA, DAULATPUR, KHULNA'),
(304, 'SOUTH', 'MOIN UDDIN CHOWDHURY', '01938889007', 'KHULNA', 'RAYHAN RAHMAN', '01938889009', 'KHULNA', 'MIR  MAHMUDUL HASAN', '01938889401 ; 01723612322', 'KHULNA', 'DB', 'DB00252', 'TRUST TRADING-KHULNA', '0171-5548222', '57 FORAJIPARA, DINWALI JAME MOSJID, KHULNA'),
(305, 'SOUTH', 'MOIN UDDIN CHOWDHURY', '01938889007', 'KHULNA', 'RAYHAN RAHMAN', '01938889009', 'SATKHIRA', 'YOUNUS ALI', '01938889618', 'SATKHAIRA', 'DB', 'DB00253', 'JANANI ENTERPRISE- SATKHIRA', '01710098711 ; 01910720011', 'SULTANPUR BORO BAZAR, SATKHIRA'),
(306, 'SOUTH', 'MOIN UDDIN CHOWDHURY', '01938889007', 'KHULNA', 'RAYHAN RAHMAN', '01938889009', 'SATKHIRA', 'YOUNUS ALI', '01938889618', '', 'SDB', 'SDB17', 'SATKHIRA SHONGKHO GHAR_SD', '01710098711 ; 01829601502', 'SULTANPUR BOROBAZAR, SATKHIRA'),
(307, 'SOUTH', 'MOIN UDDIN CHOWDHURY', '01938889007', 'KHULNA', 'RAYHAN RAHMAN', '01938889009', 'SATKHIRA', 'YOUNUS ALI', '01938889618', 'SHAMNOGOR', 'SUBA', 'SDB17-DB00254', 'LAXMI ENTERPRISE-SHAMNOGOR,SATKHIRA', '01911158846 ; 01303458164', 'NOKIPUR BAZAR, BONGOBONDHU MARKET, SHAMNAGAR, SATKHIRA'),
(308, 'SOUTH', 'MOIN UDDIN CHOWDHURY', '01938889007', 'KHULNA', 'RAYHAN RAHMAN', '01938889009', 'SATKHIRA', 'YOUNUS ALI', '01938889618', 'BENAPOL', 'SUBA', 'SDB17-DB00255', 'MORAD TRADERS- SHARSHA, JESSORE', '01923970532 ; 01711047504', 'CHAIRMAN MARKET, BURUJBAGAN, NAVARUN JESSORE.');

-- --------------------------------------------------------

--
-- Table structure for table `failed_jobs`
--

CREATE TABLE `failed_jobs` (
  `id` bigint(20) UNSIGNED NOT NULL,
  `connection` text COLLATE utf8mb4_unicode_ci NOT NULL,
  `queue` text COLLATE utf8mb4_unicode_ci NOT NULL,
  `payload` longtext COLLATE utf8mb4_unicode_ci NOT NULL,
  `exception` longtext COLLATE utf8mb4_unicode_ci NOT NULL,
  `failed_at` timestamp NOT NULL DEFAULT current_timestamp()
) ENGINE=InnoDB DEFAULT CHARSET=utf8mb4 COLLATE=utf8mb4_unicode_ci;

-- --------------------------------------------------------

--
-- Table structure for table `menus`
--

CREATE TABLE `menus` (
  `id` int(10) UNSIGNED NOT NULL,
  `name` varchar(255) COLLATE utf8mb4_unicode_ci NOT NULL,
  `created_at` timestamp NULL DEFAULT NULL,
  `updated_at` timestamp NULL DEFAULT NULL
) ENGINE=InnoDB DEFAULT CHARSET=utf8mb4 COLLATE=utf8mb4_unicode_ci;

--
-- Dumping data for table `menus`
--

INSERT INTO `menus` (`id`, `name`, `created_at`, `updated_at`) VALUES
(1, 'admin', '2021-01-08 01:22:58', '2021-01-08 01:22:58');

-- --------------------------------------------------------

--
-- Table structure for table `menu_items`
--

CREATE TABLE `menu_items` (
  `id` int(10) UNSIGNED NOT NULL,
  `menu_id` int(10) UNSIGNED DEFAULT NULL,
  `title` varchar(255) COLLATE utf8mb4_unicode_ci NOT NULL,
  `url` varchar(255) COLLATE utf8mb4_unicode_ci NOT NULL,
  `target` varchar(255) COLLATE utf8mb4_unicode_ci NOT NULL DEFAULT '_self',
  `icon_class` varchar(255) COLLATE utf8mb4_unicode_ci DEFAULT NULL,
  `color` varchar(255) COLLATE utf8mb4_unicode_ci DEFAULT NULL,
  `parent_id` int(11) DEFAULT NULL,
  `order` int(11) NOT NULL,
  `created_at` timestamp NULL DEFAULT NULL,
  `updated_at` timestamp NULL DEFAULT NULL,
  `route` varchar(255) COLLATE utf8mb4_unicode_ci DEFAULT NULL,
  `parameters` text COLLATE utf8mb4_unicode_ci DEFAULT NULL
) ENGINE=InnoDB DEFAULT CHARSET=utf8mb4 COLLATE=utf8mb4_unicode_ci;

--
-- Dumping data for table `menu_items`
--

INSERT INTO `menu_items` (`id`, `menu_id`, `title`, `url`, `target`, `icon_class`, `color`, `parent_id`, `order`, `created_at`, `updated_at`, `route`, `parameters`) VALUES
(1, 1, 'Dashboard', '', '_self', 'voyager-boat', NULL, NULL, 1, '2021-01-08 01:22:58', '2021-01-08 01:22:58', 'voyager.dashboard', NULL),
(2, 1, 'Media', '', '_self', 'voyager-images', NULL, NULL, 4, '2021-01-08 01:22:58', '2021-01-08 03:39:15', 'voyager.media.index', NULL),
(3, 1, 'Users', '', '_self', 'voyager-person', NULL, NULL, 3, '2021-01-08 01:22:58', '2021-01-08 01:22:58', 'voyager.users.index', NULL),
(4, 1, 'Roles', '', '_self', 'voyager-lock', NULL, NULL, 2, '2021-01-08 01:22:58', '2021-01-08 01:22:58', 'voyager.roles.index', NULL),
(5, 1, 'Tools', '', '_self', 'voyager-tools', NULL, NULL, 5, '2021-01-08 01:22:58', '2021-01-08 03:39:15', NULL, NULL),
(6, 1, 'Menu Builder', '', '_self', 'voyager-list', NULL, 5, 1, '2021-01-08 01:22:58', '2021-01-08 03:39:15', 'voyager.menus.index', NULL),
(7, 1, 'Database', '', '_self', 'voyager-data', NULL, 5, 2, '2021-01-08 01:22:58', '2021-01-08 03:39:15', 'voyager.database.index', NULL),
(8, 1, 'Compass', '', '_self', 'voyager-compass', NULL, 5, 3, '2021-01-08 01:22:58', '2021-01-08 03:39:15', 'voyager.compass.index', NULL),
(9, 1, 'BREAD', '', '_self', 'voyager-bread', NULL, 5, 4, '2021-01-08 01:22:58', '2021-01-08 03:39:15', 'voyager.bread.index', NULL),
(10, 1, 'Settings', '', '_self', 'voyager-settings', NULL, NULL, 6, '2021-01-08 01:22:58', '2021-01-08 03:39:15', 'voyager.settings.index', NULL),
(11, 1, 'Hooks', '', '_self', 'voyager-hook', NULL, 5, 5, '2021-01-08 01:23:07', '2021-01-08 03:39:15', 'voyager.hooks', NULL),
(14, 1, 'Distributors', '', '_self', 'voyager-lighthouse', NULL, NULL, 7, '2021-01-08 01:58:41', '2021-01-08 03:39:15', 'voyager.distributors.index', NULL),
(15, 1, 'Products', '', '_self', 'voyager-bread', NULL, NULL, 8, '2021-01-08 02:02:12', '2021-01-08 03:39:15', 'voyager.products.index', NULL),
(16, 1, 'Stock List', '', '_self', 'voyager-pie-chart', '#000000', 19, 1, '2021-01-08 03:25:45', '2021-01-23 10:35:50', 'update-stock.index', 'null'),
(18, 1, 'Create New Stock', '', '_self', 'voyager-pie-chart', '#000000', 19, 2, '2021-01-23 10:30:58', '2021-01-23 10:34:45', 'update-stock.create', NULL),
(19, 1, 'Stocks', '', '_self', 'voyager-pie-chart', '#000000', NULL, 9, '2021-01-23 10:34:16', '2021-01-23 10:35:35', 'update-stock.index', 'null'),
(20, 1, 'Reports', '', '_self', 'voyager-pie-chart', '#000000', NULL, 10, '2021-01-23 10:48:45', '2021-01-23 10:48:45', 'reports', NULL);

-- --------------------------------------------------------

--
-- Table structure for table `migrations`
--

CREATE TABLE `migrations` (
  `id` int(10) UNSIGNED NOT NULL,
  `migration` varchar(255) COLLATE utf8mb4_unicode_ci NOT NULL,
  `batch` int(11) NOT NULL
) ENGINE=InnoDB DEFAULT CHARSET=utf8mb4 COLLATE=utf8mb4_unicode_ci;

--
-- Dumping data for table `migrations`
--

INSERT INTO `migrations` (`id`, `migration`, `batch`) VALUES
(1, '2014_10_12_000000_create_users_table', 1),
(2, '2016_01_01_000000_add_voyager_user_fields', 1),
(3, '2016_01_01_000000_create_data_types_table', 1),
(4, '2016_05_19_173453_create_menu_table', 1),
(5, '2016_10_21_190000_create_roles_table', 1),
(6, '2016_10_21_190000_create_settings_table', 1),
(7, '2016_11_30_135954_create_permission_table', 1),
(8, '2016_11_30_141208_create_permission_role_table', 1),
(9, '2016_12_26_201236_data_types__add__server_side', 1),
(10, '2017_01_13_000000_add_route_to_menu_items_table', 1),
(11, '2017_01_14_005015_create_translations_table', 1),
(12, '2017_01_15_000000_make_table_name_nullable_in_permissions_table', 1),
(13, '2017_03_06_000000_add_controller_to_data_types_table', 1),
(14, '2017_04_21_000000_add_order_to_data_rows_table', 1),
(15, '2017_07_05_210000_add_policyname_to_data_types_table', 1),
(16, '2017_08_05_000000_add_group_to_settings_table', 1),
(17, '2017_11_26_013050_add_user_role_relationship', 1),
(18, '2017_11_26_015000_create_user_roles_table', 1),
(19, '2018_03_11_000000_add_user_settings', 1),
(20, '2018_03_14_000000_add_details_to_data_types_table', 1),
(21, '2018_03_16_000000_make_settings_value_nullable', 1),
(22, '2019_08_19_000000_create_failed_jobs_table', 1),
(25, '2021_01_08_081134_create_distributor_product_table', 2),
(27, '2021_01_12_131254_create_stocks_table', 3),
(29, '2021_01_10_131254_create_stocks_table', 4),
(30, '2021_01_13_125501_create_product_stock_table', 4);

-- --------------------------------------------------------

--
-- Table structure for table `permissions`
--

CREATE TABLE `permissions` (
  `id` bigint(20) UNSIGNED NOT NULL,
  `key` varchar(255) COLLATE utf8mb4_unicode_ci NOT NULL,
  `table_name` varchar(255) COLLATE utf8mb4_unicode_ci DEFAULT NULL,
  `created_at` timestamp NULL DEFAULT NULL,
  `updated_at` timestamp NULL DEFAULT NULL
) ENGINE=InnoDB DEFAULT CHARSET=utf8mb4 COLLATE=utf8mb4_unicode_ci;

--
-- Dumping data for table `permissions`
--

INSERT INTO `permissions` (`id`, `key`, `table_name`, `created_at`, `updated_at`) VALUES
(1, 'browse_admin', NULL, '2021-01-08 01:22:58', '2021-01-08 01:22:58'),
(2, 'browse_bread', NULL, '2021-01-08 01:22:58', '2021-01-08 01:22:58'),
(3, 'browse_database', NULL, '2021-01-08 01:22:58', '2021-01-08 01:22:58'),
(4, 'browse_media', NULL, '2021-01-08 01:22:58', '2021-01-08 01:22:58'),
(5, 'browse_compass', NULL, '2021-01-08 01:22:58', '2021-01-08 01:22:58'),
(6, 'browse_menus', 'menus', '2021-01-08 01:22:58', '2021-01-08 01:22:58'),
(7, 'read_menus', 'menus', '2021-01-08 01:22:58', '2021-01-08 01:22:58'),
(8, 'edit_menus', 'menus', '2021-01-08 01:22:58', '2021-01-08 01:22:58'),
(9, 'add_menus', 'menus', '2021-01-08 01:22:58', '2021-01-08 01:22:58'),
(10, 'delete_menus', 'menus', '2021-01-08 01:22:58', '2021-01-08 01:22:58'),
(11, 'browse_roles', 'roles', '2021-01-08 01:22:58', '2021-01-08 01:22:58'),
(12, 'read_roles', 'roles', '2021-01-08 01:22:58', '2021-01-08 01:22:58'),
(13, 'edit_roles', 'roles', '2021-01-08 01:22:58', '2021-01-08 01:22:58'),
(14, 'add_roles', 'roles', '2021-01-08 01:22:58', '2021-01-08 01:22:58'),
(15, 'delete_roles', 'roles', '2021-01-08 01:22:58', '2021-01-08 01:22:58'),
(16, 'browse_users', 'users', '2021-01-08 01:22:58', '2021-01-08 01:22:58'),
(17, 'read_users', 'users', '2021-01-08 01:22:58', '2021-01-08 01:22:58'),
(18, 'edit_users', 'users', '2021-01-08 01:22:58', '2021-01-08 01:22:58'),
(19, 'add_users', 'users', '2021-01-08 01:22:58', '2021-01-08 01:22:58'),
(20, 'delete_users', 'users', '2021-01-08 01:22:58', '2021-01-08 01:22:58'),
(21, 'browse_settings', 'settings', '2021-01-08 01:22:58', '2021-01-08 01:22:58'),
(22, 'read_settings', 'settings', '2021-01-08 01:22:58', '2021-01-08 01:22:58'),
(23, 'edit_settings', 'settings', '2021-01-08 01:22:58', '2021-01-08 01:22:58'),
(24, 'add_settings', 'settings', '2021-01-08 01:22:58', '2021-01-08 01:22:58'),
(25, 'delete_settings', 'settings', '2021-01-08 01:22:58', '2021-01-08 01:22:58'),
(26, 'browse_hooks', NULL, '2021-01-08 01:23:07', '2021-01-08 01:23:07'),
(37, 'browse_distributors', 'distributors', '2021-01-08 01:58:41', '2021-01-08 01:58:41'),
(38, 'read_distributors', 'distributors', '2021-01-08 01:58:41', '2021-01-08 01:58:41'),
(39, 'edit_distributors', 'distributors', '2021-01-08 01:58:41', '2021-01-08 01:58:41'),
(40, 'add_distributors', 'distributors', '2021-01-08 01:58:41', '2021-01-08 01:58:41'),
(41, 'delete_distributors', 'distributors', '2021-01-08 01:58:41', '2021-01-08 01:58:41'),
(42, 'browse_products', 'products', '2021-01-08 02:02:12', '2021-01-08 02:02:12'),
(43, 'read_products', 'products', '2021-01-08 02:02:12', '2021-01-08 02:02:12'),
(44, 'edit_products', 'products', '2021-01-08 02:02:12', '2021-01-08 02:02:12'),
(45, 'add_products', 'products', '2021-01-08 02:02:12', '2021-01-08 02:02:12'),
(46, 'delete_products', 'products', '2021-01-08 02:02:12', '2021-01-08 02:02:12');

-- --------------------------------------------------------

--
-- Table structure for table `permission_role`
--

CREATE TABLE `permission_role` (
  `permission_id` bigint(20) UNSIGNED NOT NULL,
  `role_id` bigint(20) UNSIGNED NOT NULL
) ENGINE=InnoDB DEFAULT CHARSET=utf8mb4 COLLATE=utf8mb4_unicode_ci;

--
-- Dumping data for table `permission_role`
--

INSERT INTO `permission_role` (`permission_id`, `role_id`) VALUES
(1, 1),
(1, 3),
(2, 1),
(3, 1),
(4, 1),
(5, 1),
(6, 1),
(7, 1),
(8, 1),
(9, 1),
(10, 1),
(11, 1),
(12, 1),
(13, 1),
(14, 1),
(15, 1),
(16, 1),
(17, 1),
(18, 1),
(19, 1),
(20, 1),
(21, 1),
(22, 1),
(23, 1),
(24, 1),
(25, 1),
(37, 1),
(37, 3),
(38, 1),
(38, 3),
(39, 1),
(39, 3),
(40, 1),
(40, 3),
(41, 1),
(41, 3),
(42, 1),
(42, 3),
(43, 1),
(43, 3),
(44, 1),
(44, 3),
(45, 1),
(45, 3),
(46, 1),
(46, 3);

-- --------------------------------------------------------

--
-- Table structure for table `products`
--

CREATE TABLE `products` (
  `id` bigint(20) UNSIGNED NOT NULL,
  `brandname` varchar(255) DEFAULT NULL,
  `categoryname` varchar(255) DEFAULT NULL,
  `code` varchar(255) DEFAULT NULL,
  `name` varchar(255) DEFAULT NULL,
  `nativename` varchar(255) DEFAULT NULL,
  `packsize` varchar(255) DEFAULT NULL,
  `description` varchar(255) DEFAULT NULL,
  `cartonsize` int(11) DEFAULT NULL,
  `costprice` float DEFAULT NULL,
  `dp` float DEFAULT NULL,
  `tp` float DEFAULT NULL,
  `mrp` float DEFAULT NULL
) ENGINE=InnoDB DEFAULT CHARSET=utf8mb4;

--
-- Dumping data for table `products`
--

INSERT INTO `products` (`id`, `brandname`, `categoryname`, `code`, `name`, `nativename`, `packsize`, `description`, `cartonsize`, `costprice`, `dp`, `tp`, `mrp`) VALUES
(1, 'BP-BORO PLUS', 'BLM-BALM', 'IBP0BLM0MT01001', 'BOROPLUS MOISTURISING LIP BALM FRESH MINT 10 ML', '       ', '10 ML', '10 ML', 432, 44.3, 51.9, 57.52, 65),
(2, 'BP-BORO PLUS', 'BLM-BALM', 'IBP0BLM0RG01001', 'BOROPLUS MOISTURISING LIP BALM FRAGRANCE FREE 10 ML', '       ', '10 ML', '10 ML', 432, 44.3, 51.9, 57.52, 65),
(3, 'BP-BORO PLUS', 'CRM-CREAM', 'IBP0CRM00007501', 'BOROPLUS PERFECT DERMA REPAIRING FOOT CREAM 75 ML', '       ', '75 ML', '75 ML', 72, 238.52, 279.46, 309.73, 350),
(4, 'BP-BORO PLUS', 'CRM-CREAM', 'IBP0CRM0EK05001', 'BOROPLUS PERFECT DERMA ELBOW & KNEE CREAM 50 ML', '       ', '50 ML', '50 ML', 72, 170.37, 199.61, 221.24, 250),
(5, 'BP-BORO PLUS', 'CRM-CREAM', 'IBP0CRM0HC05001', 'BOROPLUS PERFECT DERMA INTENSE RECOVERY HAND CREAM 50 ML', '       ', '50 ML', '50 ML', 72, 170.37, 199.61, 221.24, 250),
(6, 'BP-BORO PLUS', 'CRM-CREAM', 'IBP0CRM0HN05001', 'BOROPLUS PERFECT DERMA HAND & NAIL CREAM 50 ML', '       ', '50 ML', '50 ML', 72, 136.3, 159.69, 176.99, 200),
(7, 'BP-BORO PLUS', 'CRM-CREAM', 'IBP0CRM0MC08001', 'BOROPLUS PERFECT DERMA RICH MOISTURISING CREAM 80 ML', '      ', '80 ML', '80 ML', 72, 187.41, 219.58, 243.36, 275),
(8, 'BP-BORO PLUS', 'CRM-CREAM', 'IBP0CRM0MF20001', 'BOROPLUS PERFECT DERMA MOISTURISING FLUID 200 ML', '      ', '200 ML', '200 ML', 72, 511.11, 598.84, 663.72, 750),
(9, 'C21-CREME 21', 'CRM-CREAM', 'IC21CRM0TG05001', 'CREME 21 ALL DAY CREAM TIEGEL 50ML', '       ', '50 ML', '50 ML', 36, 86.94, 101.86, 113.64, 125),
(10, 'C21-CREME 21', 'CRM-CREAM', 'IC21CRM0VB15001', 'CREME 21 ALL DAY CREAM WITH PRO VITAMIN B5 CLASSIC 150 ML', '       -   ', '150 ML', '150 ML', 24, 208.65, 244.46, 272.73, 300),
(11, 'C21-CREME 21', 'CRM-CREAM', 'IC21CRM0VB25001', 'CREME 21 ALL DAY CREAM WITH PRO VITAMIN B5 CLASSIC 250 ML', '       -   ', '250 ML', '250 ML', 48, 347.75, 407.44, 454.55, 500),
(12, 'C21-CREME 21', 'CRM-CREAM', 'IC21CRM0VE15001', 'CREME 21 MOISTURIZING CREAM WITH VITAMIN E SOFT 150 ML', '        ', '150 ML', '150 ML', 24, 208.65, 244.46, 272.73, 300),
(13, 'C21-CREME 21', 'CRM-CREAM', 'IC21CRM0VE25001', 'CREME 21 MOISTURIZING CREAM WITH VITAMIN E SOFT 250 ML', '        ', '250 ML', '250 ML', 16, 347.75, 407.44, 454.55, 500),
(14, 'C21-CREME 21', 'GEL-GEL', 'IC21GEL0BK25001', 'CREME 21 SHOWER GEL DUSCHGEL BLUMENKIND 250ML', '        ', '250 ML', '250 ML', 12, 229.51, 268.91, 300, 330),
(15, 'C21-CREME 21', 'GEL-GEL', 'IC21GEL0GS25001', 'CREME 21 SHOWER GEL MEN GOLD SIGNATURE 250ML', '        ', '250 ML', '250 ML', 12, 243.42, 285.2, 318.18, 350),
(16, 'C21-CREME 21', 'GEL-GEL', 'IC21GEL0OC25001', 'CREME 21 SHOWER GEL MEN FRESH OCEAN 250ML', '        ', '250 ML', '250 ML', 12, 243.42, 268.91, 318.18, 350),
(17, 'C21-CREME 21', 'GEL-GEL', 'IC21GEL0PB25001', 'CREME 21 SHOWER GEL MEN POWER BOOST 250ML', '        ', '250 ML', '250 ML', 12, 243.42, 285.2, 318.18, 350),
(18, 'C21-CREME 21', 'GEL-GEL', 'IC21GEL0SC25001', 'CREME 21 SHOWER GEL MEN SPORT CHAMP 250ML', '        ', '250 ML', '250 ML', 12, 243.42, 285.2, 318.18, 350),
(19, 'C21-CREME 21', 'GEL-GEL', 'IC21GEL0SD25001', 'CREME 21 SHOWER GEL DUSCHGEL STRANDAUSE 250ML', '        ', '250 ML', '250 ML', 12, 229.51, 268.91, 300, 330),
(20, 'C21-CREME 21', 'GEL-GEL', 'IC21GEL0UP25001', 'CREME 21 SHOWER GEL MEN URBAN PULSE 250ML', '        ', '250 ML', '250 ML', 12, 243.42, 285.2, 318.18, 350),
(21, 'C21-CREME 21', 'LTN-LOTION', 'IC21LTN0DS25001', 'CREME 21 BODY LOTION FOR DRY SKIN 250ML', '        ', '250 ML', '250 ML', 12, 262.74, 307.84, 363.64, 400),
(22, 'C21-CREME 21', 'LTN-LOTION', 'IC21LTN0DS40001', 'CREME 21 BODY LOTION FOR DRY SKIN 400ML', '       ', '400 ML', '400 ML', 12, 459.8, 538.72, 636.36, 700),
(23, 'C21-CREME 21', 'LTN-LOTION', 'IC21LTN0NS25001', 'CREME 21 BODY LOTION FOR NORMAL SKIN 250ML', '        ', '250 ML', '250 ML', 12, 262.74, 307.84, 363.64, 400),
(24, 'C21-CREME 21', 'LTN-LOTION', 'IC21LTN0NS40001', 'CREME 21 BODY LOTION FOR NORMAL SKIN 400ML', '        ', '400 ML', '400 ML', 12, 459.8, 538.72, 636.36, 700),
(25, 'C21-CREME 21', 'LTN-LOTION', 'IC21LTN0UD25001', 'CREME 21 BODY LOTION FOR ULTRA DRY SKIN 250ML', '         ', '250 ML', '250 ML', 12, 262.74, 307.84, 363.64, 400),
(26, 'C21-CREME 21', 'LTN-LOTION', 'IC21LTN0UD40001', 'CREME 21 BODY LOTION FOR ULTA DRY SKIN 400ML', '        ', '400 ML', '400 ML', 12, 459.8, 538.72, 636.36, 700),
(27, 'C21-CREME 21', 'SC-SHOWER CREAM', 'IC21SC00OG25001', 'CREME 21 SHOWER CREAM DUSCHCREME ORIGINAL 250ML', '       ', '250 ML', '250 ML', 12, 229.51, 268.91, 300, 330),
(28, 'C21-CREME 21', 'WW-WET WIPES', 'IC21WW000001001', 'CREME 21 WET WIPES 10 PCS', '     ', '10 PC', '10 PC', 100, 87.51, 102.53, 113.64, 125),
(29, 'C21-CREME 21', 'WW-WET WIPES', 'IC21WW000005001', 'CREME 21 WET WIPES 50 PCS', '     ', '50 PC', '50 PC', 24, 280.03, 328.09, 363.64, 400),
(30, 'EDS-EMAMI DIMOND SHINE', 'CLR-COLOUR', 'IDS0CLR0BK02001', 'ED SHINE NATURAL BLACK 20 GM', '    ', '20 GM', '20 GM', 72, 29.96, 35.1, 40.54, 45),
(31, 'EMZ-EMAZE', 'PRF-PERFUME', 'IEMZPRFFAU10001', 'EMAZE POUR FEMME AURA 100 ML', '    ', '100 ML', '100 ML', 24, 616.06, 721.8, 800, 1000),
(32, 'EMZ-EMAZE', 'PRF-PERFUME', 'IEMZPRFFET10001', 'EMAZE POUR FEMME ECLAT 100 ML', '    ', '100 ML', '100 ML', 24, 616.06, 721.8, 800, 1000),
(33, 'EMZ-EMAZE', 'PRF-PERFUME', 'IEMZPRFHBS10001', 'EMAZE POUR HOMME BLACK SAPPHIRE 100 ML', '     ', '100 ML', '100 ML', 24, 693.07, 812.03, 900, 1125),
(34, 'EMZ-EMAZE', 'PRF-PERFUME', 'IEMZPRFHEM10001', 'EMAZE POUR HOMME EMERALD 100 ML', '    ', '100 ML', '100 ML', 24, 693.07, 812.03, 900, 1125),
(35, 'EMZ-EMAZE', 'PRF-PERFUME', 'IEMZPRFHFM10001', 'EMAZE POUR HOMME FLAME 100 ML', '    ', '100 ML', '100 ML', 24, 693.07, 812.03, 900, 1125),
(36, 'EMZ-EMAZE', 'PRF-PERFUME', 'IEMZPRFHSK10001', 'EMAZE POUR HOMME SMOKE 100 ML', '    ', '100 ML', '100 ML', 24, 693.07, 812.03, 900, 1125),
(37, 'FAH-FAIR & HANDSOME', 'CRM-CREAM', 'IFAHCRM00003001', 'FAIR AND HANDSOME IMPORTED CREAM 30 GM', '      ', '30 GM', '30 GM', 120, 85.19, 99.81, 110.62, 125),
(38, 'FAH-FAIR & HANDSOME', 'CRM-CREAM', 'IFAHCRM00006001', 'FAIR AND HANDSOME IMPORTED CREAM 60 GM', '      ', '60 GM', '60 GM', 60, 149.93, 175.66, 194.69, 220),
(39, 'FAH-FAIR & HANDSOME', 'CRM-CREAM', 'IFAHCRM0PW00801', 'FAIR AND HANDSOME LASER CREAM 8 GM', '      ', '8 GM', '8 GM', 96, 30.67, 35.93, 39.82, 45),
(40, 'FAH-FAIR & HANDSOME', 'CRM-CREAM', 'IFAHCRM0PW01501', 'FAIR AND HANDSOME LASER CREAM 15 GM', '      ', '15 GM', '15 GM', 84, 68.15, 79.85, 88.5, 100),
(41, 'FAH-FAIR & HANDSOME', 'CRM-CREAM', 'IFAHCRM0PW03001', 'FAIR AND HANDSOME LASER CREAM 30 GM', '      ', '30 GM', '30 GM', 32, 136.3, 159.69, 176.99, 200),
(42, 'FAH-FAIR & HANDSOME', 'CRM-CREAM', 'IFAHCRM0WN03001', 'FAIR AND HANDSOME WINTER SOLUTION CREAM 30 GM', '      ', '30 GM', '30 GM', 120, 68.15, 79.85, 88.5, 100),
(43, 'FAH-FAIR & HANDSOME', 'CRM-CREAM', 'IFAHCRM0WN06001', 'FAIR AND HANDSOME WINTER SOLUTION CREAM 60 GM', '      ', '60 GM', '60 GM', 60, 122.67, 143.72, 159.29, 180),
(44, 'FAH-FAIR & HANDSOME', 'FW-FACE WASH', 'IFAHFW000005001', 'FAIR AND HANDSOME IMPORTED FACE WASH 50 GM', '      ', '50 GM', '50 GM', 48, 105.01, 123.03, 136.36, 150),
(45, 'FAH-FAIR & HANDSOME', 'FW-FACE WASH', 'IFAHFW000010001', 'FAIR AND HANDSOME IMPORTED FACE WASH 100 GM', '      ', '100 GM', '100 GM', 24, 164.52, 192.75, 213.64, 235),
(46, 'FAH-FAIR & HANDSOME', 'FW-FACE WASH', 'IFAHFW00CC05001', 'FAIR AND HANDSOME CHARCOAL FACE WASH 50 GM', '      ', '50GM', '50GM', 48, 136.51, 159.95, 177.27, 195),
(47, 'FAH-FAIR & HANDSOME', 'FW-FACE WASH', 'IFAHFW00CL05001', 'FAIR AND HANDSOME OIL CLEAR FACE WASH 50 GM', '       ', '50GM', '50GM', 48, 98.01, 114.83, 127.27, 140),
(48, 'FAH-FAIR & HANDSOME', 'FW-FACE WASH', 'IFAHFW00PP05001', 'FAIR AND HANDSOME PIMPLE CLEAR FACE WASH 50 GM', '       ', '50GM', '50GM', 48, 105.01, 123.03, 136.36, 150),
(49, 'HE-HE', 'BSP-BODY SPARY', 'IHE0BSP0AC15001', 'HE PERFUME ACHIEVER 150 ML', '    ', '150 ML', '150 ML', 48, 166.85, 195.49, 216.67, 260),
(50, 'HE-HE', 'BSP-BODY SPARY', 'IHE0BSP0AR12001', 'HE PERFUME ICE COOLING ARCTIC 120 ML', '      ', '120 ML', '120 ML', 48, 192.52, 225.56, 250, 300),
(51, 'HE-HE', 'BSP-BODY SPARY', 'IHE0BSP0CN15001', 'HE PERFUME CONFIDENT 150 ML', '    ', '150 ML', '150 ML', 48, 166.85, 195.49, 216.67, 260),
(52, 'HE-HE', 'BSP-BODY SPARY', 'IHE0BSP0EG15001', 'HE PERFUME EGYPT PACK 150 ML', '    ', '150 ML', '150 ML', 48, 166.85, 195.49, 216.67, 260),
(53, 'HE-HE', 'BSP-BODY SPARY', 'IHE0BSP0EX15001', 'HE PERFUME EXTROVERT 150 ML', '    ', '150 ML', '150 ML', 48, 166.85, 195.49, 216.67, 260),
(54, 'HE-HE', 'BSP-BODY SPARY', 'IHE0BSP0IN15001', 'HE PERFUME INNOVATOR 150 ML', '    ', '150 ML', '150 ML', 48, 166.85, 195.49, 216.67, 260),
(55, 'HE-HE', 'BSP-BODY SPARY', 'IHE0BSP0LA12001', 'HE PERFUME ICE COOLING LAGOON 120 ML', '      ', '120 ML', '120 ML', 48, 192.52, 225.56, 250, 300),
(56, 'HE-HE', 'BSP-BODY SPARY', 'IHE0BSP0MG15001', 'HE PERFUME MAGICIAN 150 ML', '    ', '150 ML', '150 ML', 48, 166.85, 195.49, 216.67, 260),
(57, 'HE-HE', 'BSP-BODY SPARY', 'IHE0BSP0RC15001', 'HE PERFUME RECHARGE 150 ML', '    ', '150 ML', '150 ML', 48, 166.85, 195.49, 216.67, 260),
(58, 'HE-HE', 'BSP-BODY SPARY', 'IHE0BSP0RS15001', 'HE PERFUME RESPECT 150 ML', '    ', '150 ML', '150 ML', 48, 166.85, 195.49, 216.67, 260),
(59, 'HE-HE', 'BSP-BODY SPARY', 'IHE0BSP0RU15001', 'HE PERFUME RULER 150 ML', '    ', '150 ML', '150 ML', 48, 166.85, 195.49, 216.67, 260),
(60, 'HE-HE', 'BSP-BODY SPARY', 'IHE0BSP0SM15001', 'HE PERFUME SMART 150 ML', '    ', '150 ML', '150 ML', 48, 166.85, 195.49, 216.67, 260),
(61, 'HE-HE', 'PRF-PERFUME', 'IHE0PRF0FO12001', 'HE PERFUME FORCE 120 ML', '    ', '120 ML', '120 ML', 48, 192.52, 225.56, 250, 300),
(62, 'HE-HE', 'PRF-PERFUME', 'IHE0PRF0IN01801', 'HE PERFUME INTENSE 18 ML', '    ', '18 ML', '18 ML', 96, 61.85, 72.46, 86.96, 100),
(63, 'HE-HE', 'PRF-PERFUME', 'IHE0PRF0IN12001', 'HE PERFUME INTENSE 120 ML', '    ', '120 ML', '120 ML', 48, 192.52, 225.56, 250, 300),
(64, 'HE-HE', 'PRF-PERFUME', 'IHE0PRF0LG04001', 'HE PERFUME LAGOON 40 ML', '    ', '40 ML', '40 ML', 48, 66.96, 78.46, 86.96, 100),
(65, 'HE-HE', 'PRF-PERFUME', 'IHE0PRF0PA01801', 'HE PERFUME POWER 18 ML', '    ', '18 ML', '18 ML', 96, 61.85, 72.46, 86.96, 100),
(66, 'HE-HE', 'PRF-PERFUME', 'IHE0PRF0PA04001', 'HE PERFUME POWER 40 ML', '    ', '40 ML', '40 ML', 48, 66.96, 78.46, 86.96, 100),
(67, 'HE-HE', 'PRF-PERFUME', 'IHE0PRF0PA12001', 'HE PERFUME PASSION 120 ML', '    ', '120 ML', '120 ML', 48, 192.52, 225.56, 250, 300),
(68, 'HE-HE', 'PRF-PERFUME', 'IHE0PRF0PO12001', 'HE PERFUME POWER 120 ML', '    ', '120 ML', '120 ML', 48, 192.52, 225.56, 250, 300),
(69, 'HE-HE', 'PRF-PERFUME', 'IHE0PRF0PS01801', 'HE PERFUME PASSION 18 ML', '    ', '18 ML', '18 ML', 96, 61.85, 72.46, 86.96, 100),
(70, 'HE-HE', 'PRF-PERFUME', 'IHE0PRF0PS04001', 'HE PERFUME PASSION 40 ML', '    ', '40 ML', '40 ML', 48, 66.96, 78.46, 86.96, 100),
(71, 'HE-HE', 'PRF-PERFUME', 'IHE0PRF0RS04001', 'HE PERFUME RESPECT 40 ML', '    ', '40 ML', '40 ML', 48, 66.96, 78.46, 86.96, 100),
(72, 'HE-HE', 'PRF-PERFUME', 'IHE0PRFC0012201', 'HE PERFUME ICE COOLING 122 ML', '    ', '122 ML', '122 ML', 48, 192.52, 195.49, 250, 300),
(73, 'HE-HE', 'PRF-PERFUME', 'IHE0PRFDAD10001', 'HE MAGIC DUO ANGEL AND DEMON PERFUME 100 ML', '        ', '100 ML', '100 ML', 48, 224.6, 263.16, 291.67, 350),
(74, 'HE-HE', 'PRF-PERFUME', 'IHE0PRFDYY10001', 'HE MAGIC DUO YIN AND YANG PERFUME 100 ML', '         ', '100 ML', '100 ML', 48, 224.6, 263.16, 291.67, 350),
(75, 'KK-KESH KING', 'OIL-OIL', 'IKK0OIL0CN06001', 'KESH KING COCONUT OIL 60 ML', '     ', '60 ML', '60 ML', 72, 66.51, 77.92, 86.36, 95),
(76, 'KK-KESH KING', 'OIL-OIL', 'IKK0OIL0CN12001', 'KESH KING COCONUT OIL 120 ML', '     ', '120 ML', '120 ML', 72, 129.51, 151.74, 168.18, 185),
(77, 'KK-KESH KING', 'OIL-OIL', 'IKK0OIL0HM06001', 'KESH KING HAIR MEDICINE 60 ML', '    ', '60 ML', '60 ML', 72, 66.51, 77.92, 86.36, 95),
(78, 'KK-KESH KING', 'OIL-OIL', 'IKK0OIL0HM12001', 'KESH KING HAIR MEDICINE 120 ML', '    ', '120 ML', '120 ML', 72, 129.51, 151.74, 168.18, 185),
(79, 'KK-KESH KING', 'SMP-SHAMPOO', 'IKK0SMP00010001', 'KESH KING SHAMPOO 100 ML', '    ', '100 ML', '100 ML', 120, 91.01, 106.63, 118.18, 130),
(80, 'KK-KESH KING', 'SMP-SHAMPOO', 'IKK0SMP00020001', 'KESH KING SHAMPOO 200 ML', '    ', '200 ML', '200 ML', 48, 164.52, 192.75, 213.64, 235),
(81, 'NAV-NAVRATNA', 'TAL-TALC', 'INAVTALC0010001', 'NAVRATNA COOL TALC 100 GM', '    ', '100 GM', '100 GM', 72, 49.26, 57.72, 68.18, 75),
(82, 'NAV-NAVRATNA', 'TAL-TALC', 'INAVTALCBL10001', 'NAVRATNA COOL TALC 100 GM-BLAST', '     ', '100 GM-BLAST', '100 GM-BLAST', 72, 55.83, 65.42, 77.27, 85),
(83, 'NAV-NAVRATNA', 'TAL-TALC', 'INAVTALCDY10001', 'NAVRATNA COOL TALC 100 GM-DYNAMIC', '     ', '100 GM-DYNAMIC', '100 GM-DYNAMIC', 72, 55.83, 65.42, 77.27, 85),
(84, 'ZAN-ZANDU', 'HLC-HEALTH CARE', 'IZANHLC0MF01401', 'TASTY AYURVEDIC IMMUNITY SOFT CHEWS- MIXED FRUIT(14 PCS/BAG)', '    -    (/)', '6 GM', '6 GM', 48, 68.96, 77.92, 81.82, 90),
(85, 'ZAN-ZANDU', 'HLC-HEALTH CARE', 'IZANHLC0MF06001', 'TASTY AYURVEDIC IMMUNITY SOFT CHEWS- MIXED FRUIT(60 PCS/BAG)', '    -    (/)', '6 GM', '6 GM', 24, 283.49, 320.35, 336.36, 370),
(86, 'ZAN-ZANDU', 'HLC-HEALTH CARE', 'IZANHLC0MG01401', 'TASTY AYURVEDIC IMMUNITY SOFT CHEWS- MANGO FLAVOR(14 PCS/BAG)', '    -   (/)', '6 GM', '6 GM', 48, 68.96, 77.92, 81.82, 90),
(87, 'ZAN-ZANDU', 'HLC-HEALTH CARE', 'IZANHLC0MG06001', 'TASTY AYURVEDIC IMMUNITY SOFT CHEWS- MANGO FLAVOR(60 PCS/BAG)', '    -   (/)', '6 GM', '6 GM', 24, 283.49, 320.35, 336.36, 370),
(88, 'ZAN-ZANDU', 'HLC-HEALTH CARE', 'IZANHLC0SB01401', 'TASTY AYURVEDIC IMMUNITY SOFT CHEWS- STRAWBERRY(14 PCS/BAG)', '    -   (/)', '6 GM', '6 GM', 48, 68.96, 77.92, 81.82, 90),
(89, 'ZAN-ZANDU', 'HLC-HEALTH CARE', 'IZANHLC0SB06001', 'TASTY AYURVEDIC IMMUNITY SOFT CHEWS- STRAWBERRY(60 PCS/BAG)', '    -   (/)', '6 GM', '6 GM', 24, 283.49, 320.35, 336.36, 370),
(90, 'ZAN-ZANDU', 'HNY-HONEY', 'IZANHNY00005001', 'ZANDU HONEY 50 GM', '   ', '50 GM', '50 GM', 120, 35.41, 41.49, 45.45, 50),
(91, 'ZAN-ZANDU', 'HNY-HONEY', 'IZANHNY00010001', 'ZANDU HONEY 100 GM', '   ', '100 GM', '100 GM', 72, 77.9, 91.27, 100, 110),
(92, 'ZAN-ZANDU', 'HNY-HONEY', 'IZANHNY00025001', 'ZANDU HONEY 250 GM', '   ', '250 GM', '250 GM', 32, 166.42, 194.99, 213.64, 235),
(93, 'ZAN-ZANDU', 'HNY-HONEY', 'IZANHNY00050001', 'ZANDU HONEY 500 GM', '   ', '500 GM', '500 GM', 16, 293.89, 344.34, 377.27, 415),
(94, 'ZAN-ZANDU', 'HNY-HONEY', 'IZANHNY0CN25001', 'ZANDU HONEY CINNAMON 250 GM', '    ', '250 ML', '250 ML', 32, 189.48, 222.01, 243.24, 270),
(95, 'ZAN-ZANDU', 'HNY-HONEY', 'IZANHNY0CN50001', 'ZANDU HONEY CINNAMON 500 GM', '    ', '500 ML', '500 ML', 16, 336.86, 394.68, 432.43, 480),
(96, '7n1-7 OILS IN ONE', 'OIL-OIL', 'L7n1OIL0BS05001', '7 OILS IN ONE BLACK SEED 50 ML', '       ', '50:ML', '50:ML', 72, 47.6, 55.78, 61.82, 68),
(97, '7n1-7 OILS IN ONE', 'OIL-OIL', 'L7n1OIL0BS10001', '7 OILS IN ONE BLACK SEED 100 ML', '       ', '100:ML', '100:ML', 48, 80.51, 94.33, 104.55, 115),
(98, '7n1-7 OILS IN ONE', 'OIL-OIL', 'L7n1OIL0BS20001', '7 OILS IN ONE BLACK SEED 200 ML', '       ', '200:ML', '200:ML', 24, 157.51, 184.55, 204.55, 225),
(99, '7n1-7 OILS IN ONE', 'OIL-OIL', 'L7n1OIL0BS30001', '7 OILS IN ONE BLACK SEED 300 ML', '       ', '300:ML', '300:ML', 24, 210.02, 246.07, 272.73, 300),
(100, '7n1-7 OILS IN ONE', 'OIL-OIL', 'L7n1OIL0CP30001', '7 OILS IN ONE 300 ML CP (50ML BS/PKN)', '       (   /)', '300 ML', '300 ML', 24, 199.52, 233.77, 259.09, 285),
(101, '7n1-7 OILS IN ONE', 'OIL-OIL', 'L7n1OIL0CS05001', '7 OILS IN ONE CASTOR OIL 50 ML', '       ', '50 ML', '50 ML', 72, 47.6, 55.78, 61.82, 68),
(102, '7n1-7 OILS IN ONE', 'OIL-OIL', 'L7n1OIL0CS10001', '7 OILS IN ONE CASTOR OIL 100 ML', '       ', '100 ML', '100 ML', 48, 80.51, 94.33, 104.55, 115),
(103, '7n1-7 OILS IN ONE', 'OIL-OIL', 'L7n1OIL0CS20001', '7 OILS IN ONE CASTOR OIL 200 ML', '       ', '200 ML', '200 ML', 24, 157.51, 184.55, 204.55, 225),
(104, '7n1-7 OILS IN ONE', 'OIL-OIL', 'L7n1OIL0CS30001', '7 OILS IN ONE CASTOR OIL 300 ML', '       ', '300 ML', '300 ML', 24, 210.02, 246.07, 272.73, 300),
(105, '7n1-7 OILS IN ONE', 'OIL-OIL', 'L7n1OIL0MS05001', '7 OILS IN ONE MUSTARD 50 ML', '       ', '50 ML', '50 ML', 72, 45.5, 53.32, 59.09, 65),
(106, '7n1-7 OILS IN ONE', 'OIL-OIL', 'L7n1OIL0MS10001', '7 OILS IN ONE MUSTARD 100 ML', '       ', '100 ML', '100 ML', 48, 77.01, 90.23, 100, 110),
(107, '7n1-7 OILS IN ONE', 'OIL-OIL', 'L7n1OIL0MS20001', '7 OILS IN ONE MUSTARD 200 ML', '       ', '200 ML', '200 ML', 24, 147.01, 172.25, 190.91, 210),
(108, '7n1-7 OILS IN ONE', 'OIL-OIL', 'L7n1OIL0MS30001', '7 OILS IN ONE MUSTARD 300 ML', '       ', '300 ML', '300 ML', 24, 199.52, 233.77, 259.09, 285),
(109, '7n1-7 OILS IN ONE', 'OIL-OIL', 'L7n1OIL0PK05001', '7 OILS IN ONE PUMPKIN 50 ML', '      ', '50:ML', '50:ML', 72, 45.5, 53.32, 59.09, 65),
(110, '7n1-7 OILS IN ONE', 'OIL-OIL', 'L7n1OIL0PK10001', '7 OILS IN ONE PUMPKIN 100 ML', '      ', '100:ML', '100:ML', 48, 77.01, 90.23, 100, 110),
(111, '7n1-7 OILS IN ONE', 'OIL-OIL', 'L7n1OIL0PK20001', '7 OILS IN ONE PUMPKIN 200 ML', '      ', '200:ML', '200:ML', 24, 147.01, 172.25, 190.91, 210),
(112, '7n1-7 OILS IN ONE', 'OIL-OIL', 'L7n1OIL0PK30001', '7 OILS IN ONE PUMPKIN 300 ML', '      ', '300:ML', '300:ML', 24, 199.52, 233.77, 259.09, 285),
(113, '7n1-7 OILS IN ONE', 'OIL-OIL', 'L7n1OIL0RG02001', '7 OILS IN ONE 20 ML', '     ', '20 ML', '20 ML', 360, 13.44, 15.74, 18.18, 20),
(114, '7n1-7 OILS IN ONE', 'OIL-OIL', 'L7n1OIL0RG05001', '7 OILS IN ONE 50 ML', '     ', '50 ML', '50 ML', 72, 45.5, 53.32, 59.09, 65),
(115, '7n1-7 OILS IN ONE', 'OIL-OIL', 'L7n1OIL0RG10001', '7 OILS IN ONE 100 ML', '     ', '100 ML', '100 ML', 48, 77.01, 90.23, 100, 110),
(116, '7n1-7 OILS IN ONE', 'OIL-OIL', 'L7n1OIL0RG2.701', '7 OILS IN ONE 2.7 ML', '    . ', '2.7 ML', '2.7 ML', 3360, 1.35, 1.59, 1.82, 2),
(117, '7n1-7 OILS IN ONE', 'OIL-OIL', 'L7n1OIL0RG20001', '7 OILS IN ONE 200 ML', '     ', '200 ML', '200 ML', 24, 147.01, 172.25, 190.91, 210),
(118, '7n1-7 OILS IN ONE', 'OIL-OIL', 'L7n1OIL0RG30001', '7 OILS IN ONE 300 ML', '     ', '300 ML', '300 ML', 24, 199.52, 233.77, 259.09, 285),
(119, 'AP-AMLA PLUS', 'OIL-OIL', 'LAP0OIL0HB09001', 'AMLA PLUS HERBAL HAIR OIL 90+10% ML', '   +% ', '90 ML', '90 ML', 72, 63.01, 73.82, 81.82, 90),
(120, 'AP-AMLA PLUS', 'OIL-OIL', 'LAP0OIL0HB18001', 'AMLA PLUS HERBAL HAIR OIL 180+10% ML', '   +% ', '180 ML', '180 ML', 36, 115.51, 135.34, 150, 165),
(121, 'AP-AMLA PLUS', 'OIL-OIL', 'LAP0OIL0HB27501', 'AMLA PLUS HERBAL HAIR OIL 275+10% ML', '   +% ', '275 ML', '275 ML', 24, 161.02, 188.65, 209.09, 230),
(122, 'BP-BORO PLUS', 'CRM-CREAM', 'LBP0CRM0AS01901', 'BOROPLUS ANTISEPTIC CREAM 19 ML', '    ', '19 ML', '19 ML', 240, 28, 32.81, 36.36, 40),
(123, 'BP-BORO PLUS', 'CRM-CREAM', 'LBP0CRM0AS04001', 'BOROPLUS ANTISEPTIC CREAM 40 ML', '    ', '40 ML', '40 ML', 160, 52.5, 61.52, 68.18, 75),
(124, 'BP-BORO PLUS', 'CRM-CREAM', 'LBP0CRM0MP04001', 'BORO PLUS MULTIPURPOSE CREAM 40 ML', '    ', '40 ML', '40 ML', 160, 52.5, 61.52, 68.18, 75),
(125, 'BP-BORO PLUS', 'CRM-CREAM', 'LBP0CRM0PT00801', 'BOROPLUS PERFECT TOUCH CREAM 8 ML', '     ', '8 ML', '8 ML', 288, 8.4, 9.84, 10.91, 12),
(126, 'BP-BORO PLUS', 'CRM-CREAM', 'LBP0CRM0PT02001', 'BOROPLUS PERFECT TOUCH CREAM 20 ML', '     ', '20 ML', '20 ML', 108, 28, 32.81, 36.36, 40),
(127, 'BP-BORO PLUS', 'FW-FACE WASH', 'LBP0FW00AP05001', 'BOROPLUS ANTI POLLUTION FACE WASH 50 ML', '     ', '50 ML', '50 ML', 48, 66.51, 77.92, 86.36, 95),
(128, 'BP-BORO PLUS', 'FW-FACE WASH', 'LBP0FW00CA01501', 'BOROPLUS COCONUT & ALOE VERA FACE WASH 15 ML', '      ', '15 ML', '15 ML', 288, 16.79, 19.68, 22.73, 25),
(129, 'BP-BORO PLUS', 'FW-FACE WASH', 'LBP0FW00CA05001', 'BOROPLUS COCONUT & ALOE VERA FACE WASH 50 ML', '      ', '50 ML', '50 ML', 48, 73.51, 86.12, 95.45, 105),
(130, 'BP-BORO PLUS', 'FW-FACE WASH', 'LBP0FW00NM01501', 'BOROPLUS NEEM FACE WASH 15 ML (10% EXTRA)', '    -% ', '15 ML', '15 ML', 288, 23.87, 27.97, 31.82, 35),
(131, 'BP-BORO PLUS', 'FW-FACE WASH', 'LBP0FW00ZP01501', 'BOROPLUS ZOZP FACE WASH 15 ML', '       ', '15 ML', '15 ML', 288, 16.79, 19.68, 22.73, 25),
(132, 'BP-BORO PLUS', 'FW-FACE WASH', 'LBP0FW00ZP05001', 'BOROPLUS ZOZP FACE WASH 50 ML', '       ', '50 ML', '50 ML', 48, 73.51, 86.12, 95.45, 105),
(133, 'BP-BORO PLUS', 'FW-FACE WASH', 'LBP0FW0GNM05001', 'BOROPLUS NEEM FACE WASH 50 ML (30% EXTRA)', '    -% ', '50 ML', '50 ML', 48, 84.01, 98.43, 109.09, 120),
(134, 'BP-BORO PLUS', 'FW-FACE WASH', 'LBP0FW0MNM05001', 'BOROPLUS NEEM FACE WASH 50 ML (40% EXTRA)', '    -% ', '50 ML', '50 ML', 48, 91.01, 106.63, 118.18, 130),
(135, 'BP-BORO PLUS', 'GB-GIFT BOX', 'LBP0GB001', 'GIFT BOX(BPAC 19;BPAC  40;BPL:AM:200;BPL:BM:100)', '  (      ;    ;     )', '359 ML', '359 ML', 10, 299.94, 328.44, 381.82, 420),
(136, 'BP-BORO PLUS', 'GEL-GEL', 'LBP0GEL00006001', 'BOROPLUS ORGANIC ALOE VERA GEL (FACE, BODY, HAIR) 60 ML', '    ( , ,  )  ', '60 ML', '60 ML', 48, 63.01, 73.82, 81.82, 90),
(137, 'BP-BORO PLUS', 'GEL-GEL', 'LBP0GEL00015001', 'BOROPLUS ORGANIC ALOE VERA GEL (FACE, BODY, HAIR) 150 ML', '    ( , , )  ', '150 ML', '150 ML', 24, 119.01, 139.44, 154.55, 170),
(138, 'BP-BORO PLUS', 'GEL-GEL', 'LBP0GEL0SS06001', 'BOROPLUS ORGANIC ALOE VERA GEL - SANDAL & SAFFRON (FACE & BODY) 60 ML', '   -   (    )  ', '60 ML', '60 ML', 48, 70.01, 82.02, 90.91, 100),
(139, 'BP-BORO PLUS', 'GEL-GEL', 'LBP0GEL0SS15001', 'BOROPLUS ORGANIC ALOE VERA GEL - SANDAL & SAFFRON (FACE & BODY) 150 ML', '   -   (    )  ', '150 ML', '150 ML', 24, 133.01, 155.84, 172.73, 190),
(140, 'BP-BORO PLUS', 'HW-HAND WASH', 'LBP0HW00HW20001', 'BOROPLUS HAND WASH 200 ML POUCH', '     ', '200 ML', '200 ML', 24, 44.49, 52.13, 57.78, 65),
(141, 'BP-BORO PLUS', 'HW-HAND WASH', 'LBP0HW00HW25001', 'BOROPLUS HAND WASH 250 ML BOTTLE', '     ', '250 ML', '250 ML', 24, 65.03, 76.19, 84.44, 95),
(142, 'BP-BORO PLUS', 'LTN-LOTION', 'LBP0LTN0AD10001', 'BOROPLUS ALMOND LOTION 100 ML', '    ', '100 ML', '100 ML', 96, 72.25, 84.66, 100, 110),
(143, 'BP-BORO PLUS', 'LTN-LOTION', 'LBP0LTN0AD20001', 'BOROPLUS ALMOND LOTION 200 ML', '    ', '200 ML', '200 ML', 36, 128.09, 150.07, 177.27, 195),
(144, 'BP-BORO PLUS', 'LTN-LOTION', 'LBP0LTN0AD30001', 'BOROPLUS ALMOND LOTION 300 ML', '    ', '300 ML', '300 ML', 24, 180.63, 211.64, 250, 275),
(145, 'BP-BORO PLUS', 'LTN-LOTION', 'LBP0LTN0AM10001', 'BOROPLUS LOTION ALEOVERA & MILK 100 ML', '      ', '100 ML', '100 ML', 96, 72.25, 84.66, 100, 110),
(146, 'BP-BORO PLUS', 'LTN-LOTION', 'LBP0LTN0AM20001', 'BOROPLUS LOTION ALEOVERA & MILK 200 ML', '      ', '200 ML', '200 ML', 36, 128.09, 150.07, 177.27, 195),
(147, 'BP-BORO PLUS', 'LTN-LOTION', 'LBP0LTN0AM30001', 'BOROPLUS LOTION ALEOVERA & MILK 300 ML', '      ', '300 ML', '300 ML', 24, 180.63, 211.64, 250, 275),
(148, 'BP-BORO PLUS', 'LTN-LOTION', 'LBP0LTN0BM10001', 'BOROPLUS LOTION BADAM & MILK 100 ML', '      ', '100 ML', '100 ML', 96, 72.25, 84.66, 100, 110),
(149, 'BP-BORO PLUS', 'LTN-LOTION', 'LBP0LTN0BM20001', 'BOROPLUS LOTION BADAM & MILK 200 ML', '      ', '200 ML', '200 ML', 36, 128.09, 150.07, 177.27, 195),
(150, 'BP-BORO PLUS', 'LTN-LOTION', 'LBP0LTN0BM30001', 'BOROPLUS LOTION BADAM & MILK 300 ML', '      ', '300 ML', '300 ML', 24, 180.63, 211.64, 250, 275),
(151, 'BP-BORO PLUS', 'LTN-LOTION', 'LBP0LTN0CC20001', 'BOROPLUS COCO LOTION 200 ML', '    ', '200 ML', '200 ML', 36, 124.8, 146.22, 172.73, 190),
(152, 'BP-BORO PLUS', 'LTN-LOTION', 'LBP0LTN0GO10001', 'BOROPLUS G&O LOTION 100 ML', '      ', '100 ML', '100 ML', 96, 124.8, 146.22, 172.73, 190),
(153, 'BP-BORO PLUS', 'LTN-LOTION', 'LBP0LTN0WH10001', 'BOROPLUS WHITENING LOTION 100 ML', '    ', '100 ML', '100 ML', 96, 76.73, 89.9, 106.19, 120),
(154, 'BP-BORO PLUS', 'LTN-LOTION', 'LBP0LTN0WH20001', 'BOROPLUS WHITENING LOTION 200 ML', '    ', '200 ML', '200 ML', 36, 134.28, 157.33, 185.84, 210),
(155, 'BP-BORO PLUS', 'LTN-LOTION', 'LBP0LTN0WH30001', 'BOROPLUS WHITENING LOTION 300 ML', '    ', '300 ML', '300 ML', 24, 211.01, 247.23, 292.04, 330),
(156, 'BP-BORO PLUS', 'LTN-LOTION', 'LBP0LTNCAD10001', 'BOROPLUS ALMOND LOTION 100 ML CP (BP AC 19ML/BP PT 20ML)', '      (.   /.    )', '100 ML', '100 ML', 96, 72.25, 84.66, 100, 110),
(157, 'BP-BORO PLUS', 'LTN-LOTION', 'LBP0LTNCAD20001', 'BOROPLUS ALMOND LOTION 200 ML CP (BP AC 40ML/EGT HW 200ML)', '      (.  /  )', '200 ML', '200 ML', 36, 128.09, 146.22, 172.73, 195),
(158, 'BP-BORO PLUS', 'LTN-LOTION', 'LBP0LTNCAD30001', 'BOROPLUS ALMOND LOTION 300 ML CP (100ML BS/PKN/50ML C21 HS)', '      (  // )', '300 ML', '300 ML', 24, 180.63, 211.64, 250, 275),
(159, 'BP-BORO PLUS', 'LTN-LOTION', 'LBP0LTNCAM10001', 'BOROPLUS LOTION ALEOVERA & MILK 100 ML CP (BP AC 19ML/BP PT 20ML)', '       (.   /.    )', '100 ML', '100 ML', 96, 72.25, 84.66, 100, 110),
(160, 'BP-BORO PLUS', 'LTN-LOTION', 'LBP0LTNCAM20001', 'BOROPLUS LOTION ALEOVERA & MILK 200 ML CP (BP AC 40ML/EGT HW 200ML)', '       (.  /  )', '200 ML', '200 ML', 36, 128.09, 150.07, 177.27, 195),
(161, 'BP-BORO PLUS', 'LTN-LOTION', 'LBP0LTNCAM30001', 'BOROPLUS LOTION ALEOVERA & MILK 300 ML CP (100ML BS/PKN/50ML C21 HS)', '       (  // )', '300 ML', '300 ML', 24, 180.63, 211.64, 250, 275),
(162, 'BP-BORO PLUS', 'LTN-LOTION', 'LBP0LTNCBM10001', 'BOROPLUS LOTION BADAM & MILK 100 ML CP (BP AC 19ML/BP PT 20ML)', '        (.   /.    )', '100 ML', '100 ML', 96, 72.25, 84.66, 100, 110),
(163, 'BP-BORO PLUS', 'LTN-LOTION', 'LBP0LTNCBM20001', 'BOROPLUS LOTION BADAM & MILK 200 ML CP (BP AC 40ML/EGT HW 200ML)', '        (.  /  ))', '200 ML', '200 ML', 36, 128.09, 150.07, 177.27, 195),
(164, 'BP-BORO PLUS', 'LTN-LOTION', 'LBP0LTNCBM30001', 'BOROPLUS LOTION BADAM & MILK 300 ML CP (100ML BS/PKN/50ML C21 HS)', '       (  // )', '300 ML', '300 ML', 24, 180.63, 211.64, 250, 275),
(165, 'BP-BORO PLUS', 'LTN-LOTION', 'LBP0LTNCWH10001', 'BOROPLUS WHITENING LOTION 100 ML CP (BP AC 19ML/BP PT 20ML)', '      (.   /.    )', '100 ML', '100 ML', 96, 76.73, 89.9, 106.19, 120),
(166, 'BP-BORO PLUS', 'LTN-LOTION', 'LBP0LTNCWH20001', 'BOROPLUS WHITENING LOTION 200 ML CP (BP AC 40ML/EGT HW 200ML)', '      (.  /  )', '200 ML', '200 ML', 36, 134.28, 157.33, 185.84, 210),
(167, 'BP-BORO PLUS', 'LTN-LOTION', 'LBP0LTNCWH30001', 'BOROPLUS WHITENING LOTION 300 ML CP (100ML BS/PKN/50ML C21 HS)', '      (  // )', '300 ML', '300 ML', 24, 225.78, 247.23, 292.04, 330),
(168, 'BP-BORO PLUS', 'LTN-LOTION', 'LBP0LTNCZAD30001', 'BOROPLUS ALMOND LOTION 300 ML CP (BP 50ML FW ZOZP)', '      (     )', '300 ML', '300 ML', 24, 180.63, 211.64, 250, 275),
(169, 'BP-BORO PLUS', 'LTN-LOTION', 'LBP0LTNCZAM30001', 'BOROPLUS LOTION ALEOVERA & MILK 300 ML CP (BP 50ML FW ZOZP)', '       (     )', '300 ML', '300 ML', 24, 180.63, 211.64, 250, 275),
(170, 'BP-BORO PLUS', 'SP-SOAP', 'LBP0SP00AB10001', 'BORO PLUS ANTIBACTERIAL SOAP 100 GM', '    ', '100 GM', '100 GM', 48, 33.49, 39.24, 41.2, 48),
(171, 'BP-BORO PLUS', 'SP-SOAP', 'LBP0SP00CP10001', 'BORO PLUS ANTIBACTERIAL SOAP 100 GM CP 10TK OF FOR CONSUMER', '    (    )', '100 ML', '100 ML', 16, 93.5, 109.54, 115.02, 134),
(172, 'C21-CREME 21', 'HS-HAND SANITISER', 'LC21HS00HS05001', 'CREME 21 HAND SANITIZER 50 ML', '     ', '50 ML', '50 ML', 48, 68.45, 80.2, 88.89, 100),
(173, 'C21-CREME 21', 'HS-HAND SANITISER', 'LC21HS00HS10001', 'CREME 21 HAND SANITIZER 100 ML', '     ', '100 ML', '100 ML', 36, 116.37, 136.34, 151.11, 170),
(174, 'EGT-EMAMI GOLD', 'HS-HAND SANITISER', 'LEGTHS00HS05001', 'EMAMI GOLD TURMERIC HAND SANITIZER 50 ML', '      ', '50 ML', '50 ML', 48, 61.61, 72.18, 80, 90),
(175, 'EGT-EMAMI GOLD', 'HS-HAND SANITISER', 'LEGTHS00HS10001', 'EMAMI GOLD TURMERIC HAND SANITIZER 100 ML', '      ', '100 ML', '100 ML', 36, 109.52, 128.32, 142.22, 160),
(176, 'EGT-EMAMI GOLD', 'HW-HAND WASH', 'LEGTHW00HW1LT01', 'EMAMI GOLD TURMERIC HAND WASH BOTTLE 1000 ML', '       ', '1000 ML', '1000 ML', 6, 171.13, 200.5, 222.22, 250),
(177, 'EGT-EMAMI GOLD', 'HW-HAND WASH', 'LEGTHW00HW50001', 'EMAMI GOLD TURMERIC HAND WASH BOTTLE 500 ML', '       ', '500 ML', '500 ML', 12, 102.68, 120.3, 133.33, 150),
(178, 'EGT-EMAMI GOLD', 'HW-HAND WASH', 'LEGTHW0HHW20001', 'EMAMI GOLD TURMERIC HAND WASH POUCH 200 ML', '       ', '200 ML', '200 ML', 24, 41.07, 48.12, 53.33, 60),
(179, 'EGT-EMAMI GOLD', 'HW-HAND WASH', 'LEGTHW0PHW20001', 'EMAMI GOLD TURMERIC HAND WASH PUMP 200 ML', '       ', '200 ML', '200 ML', 24, 61.61, 72.18, 80, 90),
(180, 'EMS-EMASOL', 'HC-HOME CARE', 'LEMSHC00BR50001', 'EMASOL BATHROOM CLEANER 500ML', '    ', '500 ML', '500 ML', 18, 93.74, 98.43, 109.09, 120),
(181, 'EMS-EMASOL', 'HC-HOME CARE', 'LEMSHC00DW50001', 'EMASOL DISHWASH 500ML', '   ', '500 ML', '500 ML', 18, 78.12, 82.02, 90.91, 100),
(182, 'EMS-EMASOL', 'HC-HOME CARE', 'LEMSHC00FC1LT01', 'EMASOL FLOOR CLEANER 1000ML', '    ', '1000 ML', '1000 ML', 12, 191.39, 200.96, 222.73, 245),
(183, 'EMS-EMASOL', 'HC-HOME CARE', 'LEMSHC00FC50001', 'EMASOL FLOOR CLEANER 500ML', '    ', '500 ML', '500 ML', 18, 109.36, 114.83, 127.27, 140),
(184, 'EMS-EMASOL', 'HC-HOME CARE', 'LEMSHC00ST45001', 'EMASOL ALL SURFACE SANITIZER 450ML', '     ', '450 ML', '450 ML', 18, 195.29, 205.06, 227.27, 250),
(185, 'EMS-EMASOL', 'HC-HOME CARE', 'LEMSHC00TB50001', 'EMASOL TOILET BOWL CLEANER 500ML', '     ', '500 ML', '500 ML', 18, 82.02, 86.12, 95.45, 105),
(186, 'FAH-FAIR & HANDSOME', 'CRM-CREAM', 'LFAHCRM00000801', 'FAIR AND HANDSOME CREAM 8 GM', '     ', '8 GM', '8 GM', 432, 9.89, 11.59, 13.27, 15),
(187, 'FAH-FAIR & HANDSOME', 'CRM-CREAM', 'LFAHCRM00001501', 'FAIR AND HANDSOME CREAM 15 GM', '     ', '15 GM', '15 GM', 320, 32.71, 38.33, 42.48, 48),
(188, 'FAH-FAIR & HANDSOME', 'CRM-CREAM', 'LFAHCRM00003001', 'FAIR AND HANDSOME CREAM 30 GM', '     ', '30 GM', '30 GM', 120, 64.74, 75.85, 84.07, 95),
(189, 'FAH-FAIR & HANDSOME', 'CRM-CREAM', 'LFAHCRM00006001', 'FAIR AND HANDSOME CREAM 60 GM', '     ', '60 GM', '60 GM', 60, 109.04, 127.75, 141.59, 160),
(190, 'FAH-FAIR & HANDSOME', 'CRM-CREAM', 'LFAHCRM0OC02501', 'FAIR AND HANDSOME OIL CONTROL CREAM 25 GM', '       ', '25 GM', '25 GM', 144, 64.74, 75.85, 84.07, 95),
(191, 'FAH-FAIR & HANDSOME', 'CRM-CREAM', 'LFAHCRM0OC05001', 'FAIR AND HANDSOME OIL CONTROL CREAM 50 GM', '       ', '50GM', '50GM', 72, 102.22, 119.77, 132.74, 150),
(192, 'FAH-FAIR & HANDSOME', 'FW-FACE WASH', 'LFAHFW000005001', 'FAIR AND HANDSOME FACE WASH 50 GM', '     ', '50 GM', '50 GM', 60, 80.51, 94.33, 104.55, 115),
(193, 'FAH-FAIR & HANDSOME', 'FW-FACE WASH', 'LFAHFW00OC05001', 'FAIR AND HANDSOME OIL CONTROL FACE WASH 50 GM', '       ', '50 GM', '50 GM', 48, 94.51, 110.73, 122.73, 135),
(194, 'HFR-HIMANI FAST RELIEF', 'OMT-OINTMENT', 'LHFROMT00002501', 'HIMANI FAST RELIEF 25 GM', '    ', '25 ML', '25 ML', 144, 49, 57.42, 63.64, 70),
(195, 'HFR-HIMANI FAST RELIEF', 'OMT-OINTMENT', 'LHFROMT00005001', 'HIMANI FAST RELIEF 50 GM', '    ', '50 ML', '50 ML', 144, 87.51, 102.53, 113.64, 125),
(196, 'KK-KESH KING', 'OIL-OIL', 'LKK0OIL0HB06001', 'KESH KING PLUS HERBAL HAIR OIL 60 ML', '       ', '60 ML', '60 ML', 84, 73.51, 86.12, 95.45, 105),
(197, 'KK-KESH KING', 'OIL-OIL', 'LKK0OIL0HB10001', 'KESH KING PLUS HERBAL HAIR OIL 100 ML', '       ', '100 ML', '100 ML', 96, 122.51, 143.54, 159.09, 175),
(198, 'KK-KESH KING', 'SMP-SHAMPOO', 'LKK0SMP00000501', 'KESH KING SHAMPOO 5 ML', '    ', '5 ML', '5 ML', 480, 2.59, 3.03, 3.64, 4),
(199, 'KK-KESH KING', 'SMP-SHAMPOO', 'LKK0SMP0HB08001', 'KESH KING PLUS HERBAL HAIR FALL CONTROL SHAMPOO 80 ML', '          ', '80 ML', '80 ML', 60, 63.01, 73.82, 81.82, 90),
(200, 'KK-KESH KING', 'SMP-SHAMPOO', 'LKK0SMP0HB17001', 'KESH KING PLUS HERBAL HAIR FALL CONTROL SHAMPOO 170 ML', '          ', '170 ML', '170 ML', 48, 133.01, 155.84, 172.73, 190),
(201, 'NAV-NAVRATNA', 'OIL-OIL', 'LNAVOIL00005001', 'NAVRATNA OIL 50 ML', '   ', '50 ML', '50 ML', 144, 45.5, 53.32, 59.09, 65),
(202, 'NAV-NAVRATNA', 'OIL-OIL', 'LNAVOIL00010001', 'NAVRATNA OIL 100 ML', '   ', '100 ML', '100 ML', 72, 77.01, 90.23, 100, 110),
(203, 'NAV-NAVRATNA', 'OIL-OIL', 'LNAVOIL0002.701', 'NAVRATNA OIL 2.7 ML', '  . ', '2.7 ML', '2.7 ML', 2400, 1.33, 1.56, 1.82, 2),
(204, 'NAV-NAVRATNA', 'OIL-OIL', 'LNAVOIL00020001', 'NAVRATNA OIL 200 ML', '   ', '200 ML', '200 ML', 36, 147.01, 172.25, 190.91, 210),
(205, 'NAV-NAVRATNA', 'OIL-OIL', 'LNAVOIL00030001', 'NAVRATNA OIL 300 ML', '   ', '300 ML', '300 ML', 24, 199.52, 233.77, 259.09, 285),
(206, 'NAV-NAVRATNA', 'OIL-OIL', 'LNAVOIL0XT05001', 'NAVRATNA EXTRA THANDA OIL 50 ML', '     ', '50 ML', '50 ML', 144, 42, 49.21, 54.55, 60),
(207, 'NAV-NAVRATNA', 'OIL-OIL', 'LNAVOIL0XT10001', 'NAVRATNA EXTRA THANDA OIL 100 ML', '     ', '100 ML', '100 ML', 72, 77.01, 90.23, 100, 110),
(208, 'NAV-NAVRATNA', 'OIL-OIL', 'LNAVOIL0XT20001', 'NAVRATNA EXTRA THANDA OIL 200 ML', '     ', '200 ML', '200 ML', 36, 138.61, 162.41, 180, 198),
(209, 'NF-NATURALLY FAIR', 'CRM-CREAM', 'LNF0CRM0HB00901', 'NATURALLY FAIR HERBAL CREAM 9 ML', '     ', '9 ML', '9 ML', 432, 6.77, 7.94, 9.09, 10),
(210, 'NF-NATURALLY FAIR', 'CRM-CREAM', 'LNF0CRM0HB02501', 'NATURALLY FAIR HERBAL CREAM 25 ML (10TK OFF)', '      (  )', '25 ML', '25 ML', 144, 38.5, 45.11, 50, 55),
(211, 'NF-NATURALLY FAIR', 'CRM-CREAM', 'LNF0CRM0HB05001', 'NATURALLY FAIR HERBAL CREAM 50 ML (20 TK OFF)', '      (  )', '50 ML', '50 ML', 72, 70.01, 82.02, 90.91, 100),
(212, 'NF-NATURALLY FAIR', 'FW-FACE WASH', 'LNF0FW00HB05001', 'NATURALLY FAIR HERBAL FACE WASH 50 ML (15 TK OFF)', '      (  )', '50 ML', '50 ML', 48, 59.51, 69.72, 77.27, 85),
(213, 'NF-NATURALLY FAIR', 'LTN-LOTION', 'LNF0LTN0HB10001', 'NATURALLY FAIR LOTION 100 ML', '    ', '100 ML', '100 ML', 96, 72.25, 84.66, 100, 110),
(214, 'NF-NATURALLY FAIR', 'LTN-LOTION', 'LNF0LTN0HB20001', 'NATURALLY FAIR LOTION 200 ML', '    ', '200 ML', '200 ML', 36, 118.23, 138.53, 163.64, 180),
(215, 'NF-NATURALLY FAIR', 'LTN-LOTION', 'LNF0LTNCHB10001', 'NATURALLY FAIR LOTION 100 ML CP (BP AC 19ML/BP PT 20ML)', '      (.   /.    )', '100 ML', '100 ML', 96, 72.25, 84.66, 100, 110),
(216, 'NF-NATURALLY FAIR', 'LTN-LOTION', 'LNF0LTNCHB20001', 'NATURALLY FAIR LOTION 200 ML CP (BP AC 40ML/EGT HW 200ML)', '      (.  /  )', '200 ML', '200 ML', 36, 118.23, 138.53, 163.64, 180),
(217, 'NF-NATURALLY FAIR', 'SP-SOAP', 'LNF0SP00CP10001', 'NATURALLY FAIR HERBAL SOAP 100 GM CP 10TK OF FOR CONSUMER', '    (    )', '100 ML', '100 ML', 16, 80.94, 94.83, 99.57, 116),
(218, 'NF-NATURALLY FAIR', 'SP-SOAP', 'LNF0SP00HB10001', 'NATURALLY FAIR HERBAL SOAP 100 GM', '     ', '100 GM', '100 GM', 48, 29.3, 34.33, 36.05, 42),
(219, 'ZAN-ZANDU', 'BLM-BALM', 'LZANBLM00000101', 'ZANDU BALM 1 ML', '   ', '1 ML', '1 ML', 2000, 3.21, 3.76, 4.39, 5),
(220, 'ZAN-ZANDU', 'BLM-BALM', 'LZANBLM00000801', 'ZANDU BALM 8 ML', '   ', '8 ML', '8 ML', 144, 33.78, 39.57, 43.86, 50),
(221, 'ZAN-ZANDU', 'BLM-BALM', 'LZANBLM00010001', 'ZANDU BALM 1 ML JAR (100 PCS)', '    ( )', '1 ML', '1 ML', 6, 320.86, 375.94, 438.6, 500);

-- --------------------------------------------------------

--
-- Table structure for table `product_stock`
--

CREATE TABLE `product_stock` (
  `id` bigint(20) UNSIGNED NOT NULL,
  `stock_id` bigint(20) UNSIGNED NOT NULL,
  `product_id` bigint(20) UNSIGNED NOT NULL,
  `pkg_date` varchar(255) COLLATE utf8mb4_unicode_ci NOT NULL,
  `opening_stock` int(11) NOT NULL,
  `already_received` int(11) DEFAULT 0,
  `stock_in_transit` int(11) DEFAULT 0,
  `delivery_done` int(11) DEFAULT 0,
  `in_delivery_van` int(11) DEFAULT 0,
  `physical_stock` int(11) NOT NULL,
  `created_at` timestamp NULL DEFAULT NULL,
  `updated_at` timestamp NULL DEFAULT NULL
) ENGINE=InnoDB DEFAULT CHARSET=utf8mb4 COLLATE=utf8mb4_unicode_ci;

--
-- Dumping data for table `product_stock`
--

INSERT INTO `product_stock` (`id`, `stock_id`, `product_id`, `pkg_date`, `opening_stock`, `already_received`, `stock_in_transit`, `delivery_done`, `in_delivery_van`, `physical_stock`, `created_at`, `updated_at`) VALUES
(18, 12, 17, '2021-02', 1, 1, 6, 1, 4, 8, '2021-01-23 06:06:38', '2021-01-23 06:06:38'),
(19, 13, 5, '2021-03', 0, 0, 0, 0, 0, 0, '2021-01-23 06:06:38', '2021-01-23 06:06:38'),
(20, 13, 5, '2021-07', 0, 2, 0, 0, 0, 0, '2021-01-23 06:06:38', '2021-01-23 06:06:38'),
(21, 14, 2, '2021-02', 0, 8, 0, 0, 0, 7, '2021-01-23 06:06:38', '2021-01-23 06:06:38'),
(22, 15, 9, '2021-02', 0, 0, 0, 0, 0, 0, '2021-01-23 06:06:38', '2021-01-23 06:06:38'),
(23, 16, 16, '2021-10', 3, 5, 5, 8, 6, 5, '2021-01-23 07:34:24', '2021-01-23 09:54:12'),
(24, 16, 3, '2021-02', 0, 0, 0, 0, 0, 0, '2021-01-23 07:38:08', '2021-01-23 09:35:06'),
(25, 16, 14, '2021-07', 1, 1, 1, 1, 1, 1, '2021-01-23 09:33:55', '2021-01-23 09:54:12'),
(26, 16, 14, '2021-02', 1, 1, 1, 1, 1, 1, '2021-01-23 09:33:55', '2021-01-23 09:54:12'),
(27, 16, 46, '2021-02', 50, 70, 80, 10, 20, 60, '2021-01-23 09:54:12', '2021-01-23 09:54:12');

-- --------------------------------------------------------

--
-- Table structure for table `roles`
--

CREATE TABLE `roles` (
  `id` bigint(20) UNSIGNED NOT NULL,
  `name` varchar(255) COLLATE utf8mb4_unicode_ci NOT NULL,
  `display_name` varchar(255) COLLATE utf8mb4_unicode_ci NOT NULL,
  `created_at` timestamp NULL DEFAULT NULL,
  `updated_at` timestamp NULL DEFAULT NULL
) ENGINE=InnoDB DEFAULT CHARSET=utf8mb4 COLLATE=utf8mb4_unicode_ci;

--
-- Dumping data for table `roles`
--

INSERT INTO `roles` (`id`, `name`, `display_name`, `created_at`, `updated_at`) VALUES
(1, 'admin', 'Administrator', '2021-01-08 01:19:50', '2021-01-08 01:19:50'),
(2, 'user', 'Normal User', '2021-01-08 01:22:58', '2021-01-08 01:22:58'),
(3, 'Auditor', 'Auditor', '2021-01-08 12:40:45', '2021-01-08 12:40:45');

-- --------------------------------------------------------

--
-- Table structure for table `settings`
--

CREATE TABLE `settings` (
  `id` int(10) UNSIGNED NOT NULL,
  `key` varchar(255) COLLATE utf8mb4_unicode_ci NOT NULL,
  `display_name` varchar(255) COLLATE utf8mb4_unicode_ci NOT NULL,
  `value` text COLLATE utf8mb4_unicode_ci DEFAULT NULL,
  `details` text COLLATE utf8mb4_unicode_ci DEFAULT NULL,
  `type` varchar(255) COLLATE utf8mb4_unicode_ci NOT NULL,
  `order` int(11) NOT NULL DEFAULT 1,
  `group` varchar(255) COLLATE utf8mb4_unicode_ci DEFAULT NULL
) ENGINE=InnoDB DEFAULT CHARSET=utf8mb4 COLLATE=utf8mb4_unicode_ci;

--
-- Dumping data for table `settings`
--

INSERT INTO `settings` (`id`, `key`, `display_name`, `value`, `details`, `type`, `order`, `group`) VALUES
(1, 'site.title', 'Site Title', 'Site Title', '', 'text', 1, 'Site'),
(2, 'site.description', 'Site Description', 'Site Description', '', 'text', 2, 'Site'),
(3, 'site.logo', 'Site Logo', 'settings\\January2021\\5GyXB8QxgBLsq37dZzJn.png', '', 'image', 3, 'Site'),
(4, 'site.google_analytics_tracking_id', 'Google Analytics Tracking ID', NULL, '', 'text', 4, 'Site'),
(5, 'admin.bg_image', 'Admin Background Image', 'settings\\January2021\\HrXE6LXPbVQ9vpMT4oJm.jpg', '', 'image', 5, 'Admin'),
(6, 'admin.title', 'Admin Title', 'Emami', '', 'text', 1, 'Admin'),
(7, 'admin.description', 'Admin Description', 'Welcome to Emami Stock Management Software', '', 'text', 2, 'Admin'),
(8, 'admin.loader', 'Admin Loader', '', '', 'image', 3, 'Admin'),
(9, 'admin.icon_image', 'Admin Icon Image', 'settings\\January2021\\oJTNUTUW047AFv4noIHP.png', '', 'image', 4, 'Admin'),
(10, 'admin.google_analytics_client_id', 'Google Analytics Client ID (used for admin dashboard)', NULL, '', 'text', 1, 'Admin');

-- --------------------------------------------------------

--
-- Table structure for table `stocks`
--

CREATE TABLE `stocks` (
  `id` bigint(20) UNSIGNED NOT NULL,
  `distributor_id` bigint(20) UNSIGNED NOT NULL,
  `stock_opening_date` date NOT NULL,
  `declared` tinyint(1) NOT NULL DEFAULT 0,
  `declare_time` timestamp NULL DEFAULT NULL,
  `excel` varchar(255) COLLATE utf8mb4_unicode_ci DEFAULT NULL,
  `pdf` varchar(255) COLLATE utf8mb4_unicode_ci DEFAULT NULL,
  `created_at` timestamp NULL DEFAULT current_timestamp(),
  `updated_at` timestamp NULL DEFAULT current_timestamp()
) ENGINE=InnoDB DEFAULT CHARSET=utf8mb4 COLLATE=utf8mb4_unicode_ci;

--
-- Dumping data for table `stocks`
--

INSERT INTO `stocks` (`id`, `distributor_id`, `stock_opening_date`, `declared`, `declare_time`, `excel`, `pdf`, `created_at`, `updated_at`) VALUES
(12, 42, '2021-01-07', 0, '2021-01-23 10:03:03', NULL, NULL, '2021-01-23 06:06:38', '2021-01-23 10:03:03'),
(13, 2, '2021-01-06', 1, '2021-01-23 10:08:51', NULL, NULL, '2021-01-23 06:06:38', '2021-01-23 10:08:51'),
(14, 1, '2020-12-31', 0, '2021-01-23 10:04:18', NULL, NULL, '2021-01-23 06:06:38', '2021-01-23 10:04:18'),
(15, 56, '2021-01-05', 0, '2021-01-23 10:03:46', NULL, NULL, '2021-01-23 06:06:38', '2021-01-23 10:03:46'),
(16, 41, '2021-01-07', 0, '2021-01-23 09:57:49', 'Stock Report Mon Jan 11 2021 7_7_25.csv', 'New MIS TEAM Member (1).xlsx', '2021-01-23 07:34:24', '2021-01-23 09:57:49');

-- --------------------------------------------------------

--
-- Table structure for table `translations`
--

CREATE TABLE `translations` (
  `id` int(10) UNSIGNED NOT NULL,
  `table_name` varchar(255) COLLATE utf8mb4_unicode_ci NOT NULL,
  `column_name` varchar(255) COLLATE utf8mb4_unicode_ci NOT NULL,
  `foreign_key` int(10) UNSIGNED NOT NULL,
  `locale` varchar(255) COLLATE utf8mb4_unicode_ci NOT NULL,
  `value` text COLLATE utf8mb4_unicode_ci NOT NULL,
  `created_at` timestamp NULL DEFAULT NULL,
  `updated_at` timestamp NULL DEFAULT NULL
) ENGINE=InnoDB DEFAULT CHARSET=utf8mb4 COLLATE=utf8mb4_unicode_ci;

-- --------------------------------------------------------

--
-- Table structure for table `users`
--

CREATE TABLE `users` (
  `id` bigint(20) UNSIGNED NOT NULL,
  `role_id` bigint(20) UNSIGNED DEFAULT NULL,
  `name` varchar(255) COLLATE utf8mb4_unicode_ci NOT NULL,
  `email` varchar(255) COLLATE utf8mb4_unicode_ci NOT NULL,
  `avatar` varchar(255) COLLATE utf8mb4_unicode_ci DEFAULT 'users/default.png',
  `email_verified_at` timestamp NULL DEFAULT NULL,
  `password` varchar(255) COLLATE utf8mb4_unicode_ci NOT NULL,
  `remember_token` varchar(100) COLLATE utf8mb4_unicode_ci DEFAULT NULL,
  `settings` text COLLATE utf8mb4_unicode_ci DEFAULT NULL,
  `created_at` timestamp NULL DEFAULT NULL,
  `updated_at` timestamp NULL DEFAULT NULL
) ENGINE=InnoDB DEFAULT CHARSET=utf8mb4 COLLATE=utf8mb4_unicode_ci;

--
-- Dumping data for table `users`
--

INSERT INTO `users` (`id`, `role_id`, `name`, `email`, `avatar`, `email_verified_at`, `password`, `remember_token`, `settings`, `created_at`, `updated_at`) VALUES
(2, 1, 'Admin', 'admin@emami.com', 'users\\January2021\\Tj1rwTiopM3VCedmnuMY.png', NULL, '$2y$10$5m24oQKsGxXYSt1vLh0QRerNbweAStXdRbCI4Fvmqz.iA2DbLpwu2', 'KxLYdlRoIk3xGe3XkGNevaKt9gtogwtOodHrGWeNF49snqfGZIkN5XAjY9Yo', '{\"locale\":\"en\"}', '2021-01-08 01:20:35', '2021-01-10 11:06:15'),
(3, 3, 'Auditor', 'auditor@emami.com', 'users\\January2021\\X296uO1Jw4NmXuKUwVE5.png', NULL, '$2y$10$1wiTlg9vX.BPIYua6AzhOeu7w19kPQLcxPhRskInpDNacak8Abdha', NULL, '{\"locale\":\"en\"}', '2021-01-08 12:41:27', '2021-01-10 11:07:39');

-- --------------------------------------------------------

--
-- Table structure for table `user_roles`
--

CREATE TABLE `user_roles` (
  `user_id` bigint(20) UNSIGNED NOT NULL,
  `role_id` bigint(20) UNSIGNED NOT NULL
) ENGINE=InnoDB DEFAULT CHARSET=utf8mb4 COLLATE=utf8mb4_unicode_ci;

--
-- Indexes for dumped tables
--

--
-- Indexes for table `data_rows`
--
ALTER TABLE `data_rows`
  ADD PRIMARY KEY (`id`),
  ADD KEY `data_rows_data_type_id_foreign` (`data_type_id`);

--
-- Indexes for table `data_types`
--
ALTER TABLE `data_types`
  ADD PRIMARY KEY (`id`),
  ADD UNIQUE KEY `data_types_name_unique` (`name`),
  ADD UNIQUE KEY `data_types_slug_unique` (`slug`);

--
-- Indexes for table `distributors`
--
ALTER TABLE `distributors`
  ADD PRIMARY KEY (`id`);

--
-- Indexes for table `failed_jobs`
--
ALTER TABLE `failed_jobs`
  ADD PRIMARY KEY (`id`);

--
-- Indexes for table `menus`
--
ALTER TABLE `menus`
  ADD PRIMARY KEY (`id`),
  ADD UNIQUE KEY `menus_name_unique` (`name`);

--
-- Indexes for table `menu_items`
--
ALTER TABLE `menu_items`
  ADD PRIMARY KEY (`id`),
  ADD KEY `menu_items_menu_id_foreign` (`menu_id`);

--
-- Indexes for table `migrations`
--
ALTER TABLE `migrations`
  ADD PRIMARY KEY (`id`);

--
-- Indexes for table `permissions`
--
ALTER TABLE `permissions`
  ADD PRIMARY KEY (`id`),
  ADD KEY `permissions_key_index` (`key`);

--
-- Indexes for table `permission_role`
--
ALTER TABLE `permission_role`
  ADD PRIMARY KEY (`permission_id`,`role_id`),
  ADD KEY `permission_role_permission_id_index` (`permission_id`),
  ADD KEY `permission_role_role_id_index` (`role_id`);

--
-- Indexes for table `products`
--
ALTER TABLE `products`
  ADD PRIMARY KEY (`id`);

--
-- Indexes for table `product_stock`
--
ALTER TABLE `product_stock`
  ADD PRIMARY KEY (`id`),
  ADD KEY `product_stock_stock_id_foreign` (`stock_id`),
  ADD KEY `product_stock_product_id_foreign` (`product_id`);

--
-- Indexes for table `roles`
--
ALTER TABLE `roles`
  ADD PRIMARY KEY (`id`),
  ADD UNIQUE KEY `roles_name_unique` (`name`);

--
-- Indexes for table `settings`
--
ALTER TABLE `settings`
  ADD PRIMARY KEY (`id`),
  ADD UNIQUE KEY `settings_key_unique` (`key`);

--
-- Indexes for table `stocks`
--
ALTER TABLE `stocks`
  ADD PRIMARY KEY (`id`),
  ADD UNIQUE KEY `distributor_id` (`distributor_id`);

--
-- Indexes for table `translations`
--
ALTER TABLE `translations`
  ADD PRIMARY KEY (`id`),
  ADD UNIQUE KEY `translations_table_name_column_name_foreign_key_locale_unique` (`table_name`,`column_name`,`foreign_key`,`locale`);

--
-- Indexes for table `users`
--
ALTER TABLE `users`
  ADD PRIMARY KEY (`id`),
  ADD UNIQUE KEY `users_email_unique` (`email`),
  ADD KEY `users_role_id_foreign` (`role_id`);

--
-- Indexes for table `user_roles`
--
ALTER TABLE `user_roles`
  ADD PRIMARY KEY (`user_id`,`role_id`),
  ADD KEY `user_roles_user_id_index` (`user_id`),
  ADD KEY `user_roles_role_id_index` (`role_id`);

--
-- AUTO_INCREMENT for dumped tables
--

--
-- AUTO_INCREMENT for table `data_rows`
--
ALTER TABLE `data_rows`
  MODIFY `id` int(10) UNSIGNED NOT NULL AUTO_INCREMENT, AUTO_INCREMENT=85;

--
-- AUTO_INCREMENT for table `data_types`
--
ALTER TABLE `data_types`
  MODIFY `id` int(10) UNSIGNED NOT NULL AUTO_INCREMENT, AUTO_INCREMENT=10;

--
-- AUTO_INCREMENT for table `distributors`
--
ALTER TABLE `distributors`
  MODIFY `id` bigint(20) UNSIGNED NOT NULL AUTO_INCREMENT, AUTO_INCREMENT=309;

--
-- AUTO_INCREMENT for table `failed_jobs`
--
ALTER TABLE `failed_jobs`
  MODIFY `id` bigint(20) UNSIGNED NOT NULL AUTO_INCREMENT;

--
-- AUTO_INCREMENT for table `menus`
--
ALTER TABLE `menus`
  MODIFY `id` int(10) UNSIGNED NOT NULL AUTO_INCREMENT, AUTO_INCREMENT=2;

--
-- AUTO_INCREMENT for table `menu_items`
--
ALTER TABLE `menu_items`
  MODIFY `id` int(10) UNSIGNED NOT NULL AUTO_INCREMENT, AUTO_INCREMENT=21;

--
-- AUTO_INCREMENT for table `migrations`
--
ALTER TABLE `migrations`
  MODIFY `id` int(10) UNSIGNED NOT NULL AUTO_INCREMENT, AUTO_INCREMENT=31;

--
-- AUTO_INCREMENT for table `permissions`
--
ALTER TABLE `permissions`
  MODIFY `id` bigint(20) UNSIGNED NOT NULL AUTO_INCREMENT, AUTO_INCREMENT=52;

--
-- AUTO_INCREMENT for table `products`
--
ALTER TABLE `products`
  MODIFY `id` bigint(20) UNSIGNED NOT NULL AUTO_INCREMENT, AUTO_INCREMENT=222;

--
-- AUTO_INCREMENT for table `product_stock`
--
ALTER TABLE `product_stock`
  MODIFY `id` bigint(20) UNSIGNED NOT NULL AUTO_INCREMENT, AUTO_INCREMENT=28;

--
-- AUTO_INCREMENT for table `roles`
--
ALTER TABLE `roles`
  MODIFY `id` bigint(20) UNSIGNED NOT NULL AUTO_INCREMENT, AUTO_INCREMENT=4;

--
-- AUTO_INCREMENT for table `settings`
--
ALTER TABLE `settings`
  MODIFY `id` int(10) UNSIGNED NOT NULL AUTO_INCREMENT, AUTO_INCREMENT=11;

--
-- AUTO_INCREMENT for table `stocks`
--
ALTER TABLE `stocks`
  MODIFY `id` bigint(20) UNSIGNED NOT NULL AUTO_INCREMENT, AUTO_INCREMENT=17;

--
-- AUTO_INCREMENT for table `translations`
--
ALTER TABLE `translations`
  MODIFY `id` int(10) UNSIGNED NOT NULL AUTO_INCREMENT;

--
-- AUTO_INCREMENT for table `users`
--
ALTER TABLE `users`
  MODIFY `id` bigint(20) UNSIGNED NOT NULL AUTO_INCREMENT, AUTO_INCREMENT=4;

--
-- Constraints for dumped tables
--

--
-- Constraints for table `data_rows`
--
ALTER TABLE `data_rows`
  ADD CONSTRAINT `data_rows_data_type_id_foreign` FOREIGN KEY (`data_type_id`) REFERENCES `data_types` (`id`) ON DELETE CASCADE ON UPDATE CASCADE;

--
-- Constraints for table `menu_items`
--
ALTER TABLE `menu_items`
  ADD CONSTRAINT `menu_items_menu_id_foreign` FOREIGN KEY (`menu_id`) REFERENCES `menus` (`id`) ON DELETE CASCADE;

--
-- Constraints for table `permission_role`
--
ALTER TABLE `permission_role`
  ADD CONSTRAINT `permission_role_permission_id_foreign` FOREIGN KEY (`permission_id`) REFERENCES `permissions` (`id`) ON DELETE CASCADE,
  ADD CONSTRAINT `permission_role_role_id_foreign` FOREIGN KEY (`role_id`) REFERENCES `roles` (`id`) ON DELETE CASCADE;

--
-- Constraints for table `product_stock`
--
ALTER TABLE `product_stock`
  ADD CONSTRAINT `product_stock_product_id_foreign` FOREIGN KEY (`product_id`) REFERENCES `products` (`id`),
  ADD CONSTRAINT `product_stock_stock_id_foreign` FOREIGN KEY (`stock_id`) REFERENCES `stocks` (`id`);

--
-- Constraints for table `stocks`
--
ALTER TABLE `stocks`
  ADD CONSTRAINT `stocks_distributor_id_foreign` FOREIGN KEY (`distributor_id`) REFERENCES `distributors` (`id`);

--
-- Constraints for table `users`
--
ALTER TABLE `users`
  ADD CONSTRAINT `users_role_id_foreign` FOREIGN KEY (`role_id`) REFERENCES `roles` (`id`);

--
-- Constraints for table `user_roles`
--
ALTER TABLE `user_roles`
  ADD CONSTRAINT `user_roles_role_id_foreign` FOREIGN KEY (`role_id`) REFERENCES `roles` (`id`) ON DELETE CASCADE,
  ADD CONSTRAINT `user_roles_user_id_foreign` FOREIGN KEY (`user_id`) REFERENCES `users` (`id`) ON DELETE CASCADE;
COMMIT;

/*!40101 SET CHARACTER_SET_CLIENT=@OLD_CHARACTER_SET_CLIENT */;
/*!40101 SET CHARACTER_SET_RESULTS=@OLD_CHARACTER_SET_RESULTS */;
/*!40101 SET COLLATION_CONNECTION=@OLD_COLLATION_CONNECTION */;
